"country","iso2","year","new_labconf","new_clindx","new_ep","ret_rel_labconf","ret_rel_clindx","ret_rel_ep","ret_nrel","ret_nrel_clindx","c_newunk","c_newinc","c_ret","c_notified","pulm_labconf_new","pulm_labconf_ret","pulm_labconf_unk","notif_foreign","rel_in_agesex_flg","agegroup_option","newrel_m04","newrel_m59","newrel_m1014","newrel_m514","newrel_m014","newrel_m1519","newrel_m2024","newrel_m1524","newrel_m2534","newrel_m3544","newrel_m4554","newrel_m5564","newrel_m65","newrel_m15plus","newrel_mu","newrel_f04","newrel_f59","newrel_f1014","newrel_f514","newrel_f014","newrel_f1519","newrel_f2024","newrel_f1524","newrel_f2534","newrel_f3544","newrel_f4554","newrel_f5564","newrel_f65","newrel_f15plus","newrel_fu","c_new_014","rdx_data_available","newinc_rdx","newinc_pulm_labconf_rdx","newinc_pulm_clindx_rdx","newinc_ep_rdx","nrr","nrr_tx","conf_rr_nfqr","conf_rr_nfqr_tx","unconf_rr_nfqr_tx","rr_nfqr_014_tx","conf_rr_fqr","conf_rr_fqr_tx","nrr_hpmz_used","nrr_hpmz_tx","nrr_2hrze2hr_used","nrr_2hrze2hr_tx","mdrxdr_bpalm_used","mdrxdr_bpalm_tx","mdrxdr_alloral_used","mdrxdr_alloral_tx","mdr_alloral_short_used","mdr_alloral_short_tx","mdr_tx_adsm","r_rlt_new","r_rlt_ret","rr_new","rr_ret","r_rlt_rel","rr_rel","dst_rlt_new","dst_rlt_ret","dst_rlt_hr_new","dst_rlt_hr_ret","dst_rlt_rr_new","dst_rlt_rr_ret","mdr_new","mdr_ret","rr_dst_rlt_fq","rr_fqr","rr_fqr_bdqr_lzdr","rr_fqr_bdqs_lzdr","rr_fqr_bdqu_lzdr","rr_fqr_bdqr_lzds","rr_fqr_bdqs_lzds","rr_fqr_bdqu_lzds","rr_fqr_bdqr_lzdu","rr_fqr_bdqs_lzdu","rr_fqr_bdqu_lzdu","rr_dst_rlt_bdq","rr_bdqr","newrel_tbhiv_flg","newrel_hivtest","newrel_hivpos","newrel_art","tbhiv_014_flg","newrel_hivtest_014","newrel_hivpos_014","newrel_art_014","hiv_tbrx_art","hiv_tbdetect","hiv_reg_new2","hiv_all_tpt","hiv_all","hiv_new_tpt","hiv_new","hiv_all_tpt_completed","hiv_all_tpt_started","tbhiv_surveil","tbhiv_surv_prev","tbhiv_surv_yr","tbhiv_surv_cil","tbhiv_surv_ciu","tbhiv_sentin_prev","tbhiv_sentin_yr","tbhiv_sentin_cil","tbhiv_sentin_ciu","vr_data_available","total_deaths_vr","r00_r99_deaths_vr","tbdeaths_vr"
"Afghanistan","AF",2023,24316,10976,13162,823,143,113,146,,48454,49533,1225,49679,24316,969,0,0,1,221,2977,,,2769,,,,4132,3222,2000,1831,2227,3228,16640,0,2234,,,2911,,,,5444,4509,3243,3034,3058,2714,22002,0,10891,60,22462,,,,49167,49167,512,458,6,54,36,36,0,,0,,1,27,1,346,1,127,154,20841,969,442,70,,,14744,181,350,118,229,70,204,70,512,36,0,0,36,0,0,0,0,0,0,0,0,1,42764,11,11,,,,,11,11,212,,,,,,,0,,,,,,,,,0,,,
"Albania","AL",2023,156,51,67,21,3,4,0,0,274,302,28,302,156,21,0,0,,221,3,,,3,,,,28,26,29,26,30,52,191,0,2,,,0,,,,22,22,10,5,14,30,103,0,8,60,274,,,,297,297,5,5,0,0,0,0,0,,0,,0,,0,,3,,0,156,21,1,4,,,118,11,0,3,1,3,0,3,5,0,,,,,,,,,,,,1,285,3,3,,,,,3,3,99,,,,,,,0,,,,,,,,,1,7,3,4
"Algeria","DZ",2023,4635,796,13141,232,,,99,,18572,18804,331,18903,4635,331,0,,,222,,,,,,,,,,,,,,,,,,,,,,,,,,,,,,,,62,,0,0,0,18572,0,16,9,0,0,7,0,0,,0,,,,,,,,,46,27,10,9,,,46,27,19,15,10,9,7,6,10,3,,,,,,,,,,,,,,,,,,,,,,,,,,,,,0,,,,,,,,,0,,,
"American Samoa","AS",2023,,,,,,,,,,,,,,,,,,,,,,,,,,,,,,,,,,,,,,,,,,,,,,,,,,,,,,,,,,,,,,,,,,,,,,,,,,,,,,,,,,,,,,,,,,,,,,,,,,,,,,,,,,,,,,,,,,,,,,,,,,,,,,,,,,
"Andorra","AD",2023,4,,,,,,0,0,4,4,0,4,4,,,0,,220,,,,,,,,,,,,1,1,2,,,,,,,,,,,,,1,1,2,,,60,0,,,,4,4,0,0,0,0,0,0,0,,0,,0,,0,,0,,0,3,,0,,,,3,0,0,0,0,0,0,0,,,,,,,,,,,,,,1,,,,,,,,,,,,,,,,,0,,,,,,,,,0,,,
"Angola","AO",2023,31219,27449,3325,1739,1141,39,3356,,61993,64912,6275,68268,30844,4880,375,18,1,220,1337,1077,1369,,,3649,5262,,9322,5976,4176,1929,1461,31775,769,1103,1065,1606,,,3514,4130,,6554,4035,3351,1532,1146,24262,549,7557,60,1158,,,,66773,66773,1495,1495,0,8,0,0,0,,0,,0,,0,,1,1495,0,29109,3100,966,529,1739,192,966,529,966,529,966,529,966,529,0,0,0,0,0,0,0,0,0,0,0,0,0,1,48778,3850,2867,,,,,4008,3850,43948,,,20998,43948,,,0,,,,,,,,,,,,
"Anguilla","AI",2023,,,,,,,,,,,,,,,,,,,,,,,,,,,,,,,,,,,,,,,,,,,,,,,,,,,,,,,,,,,,,,,,,,,,,,,,,,,,,,,,,,,,,,,,,,,,,,,,,,,,,,,,,,,,,,,,,,,,,,,,,,,,,,,,,,
"Antigua and Barbuda","AG",2023,0,1,0,0,0,0,1,,1,1,1,2,0,0,0,1,1,220,0,0,0,,,0,0,,0,0,0,0,0,0,0,0,0,0,,,0,0,,1,0,0,0,0,1,0,0,60,1,,,,1,1,0,0,0,0,0,0,0,,0,,0,,0,,0,,0,0,0,0,0,,,0,0,0,0,0,0,0,0,0,0,0,0,0,0,0,0,0,0,0,0,0,1,1,0,0,1,0,0,0,,,,,,,,,,0,,,,,,,,,1,0,0,0
"Argentina","AR",2023,9750,2154,1566,332,84,19,1009,,13470,13905,1444,14914,7714,1142,2036,1477,1,220,183,153,235,,,638,1030,,1920,1361,1149,847,736,7681,59,156,130,237,,,542,701,,1233,848,658,496,551,5029,42,1094,62,,2704,195,510,14686,12981,204,204,13,10,11,11,0,,0,,0,,1,228,0,,228,3637,623,112,72,,,2366,458,105,50,71,51,40,32,102,9,0,0,0,2,7,0,0,0,0,102,2,1,3698,1134,720,1,232,7,5,720,161,3624,,,,,,,0,,,,,,,,,0,,,
"Armenia","AM",2023,180,92,105,18,6,3,31,27,377,404,58,435,180,45,0,10,1,221,5,,,5,,,,14,41,59,64,60,40,278,0,6,,,11,,,,14,14,24,12,15,20,99,0,27,62,,198,85,50,386,386,39,39,1,1,10,10,0,,0,,1,1,1,31,1,17,50,180,45,30,19,,,180,45,51,21,30,19,26,18,49,10,0,0,0,2,6,0,0,0,2,35,2,1,377,43,35,,,,,35,23,486,,,135,486,,,0,,,,,,,,,0,,,
"Aruba","AW",2023,,,,,,,,,,,,,,,,,,,,,,,,,,,,,,,,,,,,,,,,,,,,,,,,,,,,,,,,,,,,,,,,,,,,,,,,,,,,,,,,,,,,,,,,,,,,,,,,,,,,,,,,,,,,,,,,,,,,,,,,,,,,,,,,,,
"Australia","AU",2023,767,90,497,59,2,19,0,,1354,1434,80,1434,758,59,9,1285,1,222,,,,,19,,,98,168,135,76,93,188,758,0,,,,,25,,,91,194,116,66,61,104,632,0,44,0,,,,,1411,1114,22,20,0,0,1,1,0,,1,,1,,1,,1,,21,613,41,17,4,,,609,40,61,5,17,4,15,4,16,1,0,0,0,0,0,0,0,0,1,1,0,1,1260,23,,,,,,,,,,,,,,,0,,,,,,,,,0,,,
"Austria","AT",2023,297,9,92,9,2,2,10,0,398,411,23,421,228,17,69,275,1,220,2,1,3,,,25,33,,51,37,27,36,56,265,0,1,3,2,,,5,11,,23,17,18,21,39,134,0,12,62,,230,6,60,412,0,7,0,0,0,2,0,,,,,,,,,,,,196,9,5,3,,,196,9,17,3,5,3,5,3,8,2,0,0,0,0,0,2,0,0,0,0,0,,,,,,,,,,,,,,,,,,,,,,,,,,,1,,,
"Azerbaijan","AZ",2023,1634,532,650,1101,34,14,1079,,2816,3965,2228,5044,1634,2180,0,0,1,221,13,,,55,,,,424,492,422,515,551,241,2645,,12,,,59,,,,226,308,157,128,205,157,1181,,139,60,3955,,,,4109,3954,935,900,0,3,165,158,0,,0,,0,,1,808,1,122,0,1611,2150,188,742,1093,48,1611,2149,246,381,188,540,106,223,930,164,34,43,,37,28,,12,10,,224,27,1,3965,60,60,,,,,60,32,863,1349,7452,838,863,331,551,0,,,,,,,,,1,60150,60150,392
"Bahamas","BS",2023,6,20,1,0,0,0,0,,27,27,0,27,6,0,0,12,1,220,0,0,2,,,0,1,,5,3,3,4,3,19,0,0,0,0,,,1,0,,3,0,1,1,0,6,0,2,62,,6,20,1,27,27,0,0,0,0,0,0,0,,0,,0,,0,,0,,0,6,0,0,0,,,0,0,0,0,0,0,0,0,0,0,0,0,0,0,0,0,0,0,0,0,0,1,27,9,7,1,2,0,0,7,0,399,,,0,399,,,0,,,,,,,,,1,,,
"Bahrain","BH",2023,98,6,57,2,0,0,0,,161,163,2,163,98,2,0,133,1,221,1,,,1,,,,13,26,32,16,2,8,97,0,2,,,1,,,,8,26,14,8,3,2,61,0,5,60,128,,,,160,160,3,3,0,0,1,1,3,,3,,,,,,,,,98,2,2,0,,,97,2,7,0,2,0,1,0,2,1,,,,,,,,,,,,0,118,6,6,,,,,6,3,56,,,,,,,0,,,,,,,,,1,7,,
"Bangladesh","BD",2023,160827,52933,66370,11449,7983,3251,873,,280130,302813,23556,303686,160815,12115,12,0,1,221,1263,,,5279,,,,15361,19911,23893,28610,35822,42583,166180,0,951,,,5781,,,,19204,21828,23283,23714,20541,14789,123359,0,13274,60,87957,,,,301624,301624,2743,2062,0,28,99,94,0,,0,,1,12,1,210,1,1612,2156,104623,10316,1878,594,10165,586,227,465,100,193,208,366,90,180,1339,99,,,,,,,,,,14,0,0,112743,61,48,,,,,91,93,1137,,,91,1137,,,0,,,,,,,,,0,,,
"Barbados","BB",2023,2,0,0,0,0,0,0,,2,2,0,2,2,0,0,2,0,220,0,0,0,,,0,0,,0,1,0,0,0,1,0,0,0,0,,,0,0,,0,1,0,0,0,1,0,0,60,2,,,,2,2,0,0,0,0,0,0,0,,0,,0,,0,,0,,0,2,0,0,0,,,2,0,2,0,0,0,0,0,0,0,0,0,0,0,0,0,0,0,0,0,0,0,0,0,0,0,,,,0,0,132,0,1430,0,132,,,0,,,,,,,,,0,,,
"Belarus","BY",2023,1117,71,86,272,2,7,126,12,1274,1555,407,1681,1117,377,0,0,1,220,2,1,6,,,9,21,,85,273,356,305,137,1186,0,1,2,1,,,6,7,,38,70,74,46,115,356,0,13,60,1451,,,,983,983,450,419,0,2,244,214,3,,0,,1,221,1,181,1,231,452,1117,377,405,253,272,185,1117,377,431,260,405,253,371,249,658,244,4,7,,9,224,,,,,546,12,1,1542,126,116,,,,,,17,1222,,,450,1222,915,979,0,,,,,,,,,0,,,
"Belgium","BE",2023,152,36,65,,,,616,74,253,253,616,869,35,369,117,558,1,220,1,1,1,,,28,23,,49,21,34,17,20,192,0,1,0,2,,,1,4,,16,17,5,4,8,55,0,6,62,,0,0,0,858,498,11,9,0,0,0,0,0,,0,,1,7,0,,1,8,15,35,364,1,8,,,35,361,1,24,1,8,1,8,0,0,0,0,0,0,0,0,0,0,0,0,0,,,,,,,,,,,,,,,,,,0,,,,,,,,,1,111300,,
"Belize","BZ",2023,64,7,0,9,1,0,0,,71,81,10,81,64,9,0,10,1,220,1,0,0,,,2,4,,11,23,5,7,9,61,0,0,0,0,,,2,3,,1,3,4,2,4,19,0,1,62,,73,8,0,76,76,3,3,0,0,1,1,0,,0,,0,,0,,1,1,1,59,9,1,2,,,,,,,,,,,2,0,,,,,,,,,,,,1,78,12,11,1,0,0,0,11,3,193,185,1766,63,193,,,0,,,,,,,,,1,2280,,9
"Benin","BJ",2023,3419,420,284,182,0,0,90,,4123,4305,272,4395,3419,272,0,0,1,221,32,,,41,,,,368,702,700,549,310,196,2825,0,42,,,67,,,,286,336,270,205,105,96,1298,0,182,60,2832,,,,4351,4351,44,36,0,4,1,1,0,,0,,0,,0,,1,36,36,3419,272,24,20,,,21,82,10,10,21,15,10,6,44,1,,,,,,,,,,,,1,4152,499,472,,,,,529,310,9833,10144,58505,,,,,0,,,,,,,,,0,,,
"Bermuda","BM",2023,2,0,0,0,0,0,0,,2,2,0,2,2,0,0,2,1,220,0,0,0,,,0,0,,0,2,0,0,0,2,0,0,0,0,,,0,0,,0,0,0,0,0,0,0,0,60,0,,,,2,2,0,0,0,0,0,0,0,,0,,0,,0,,0,,0,1,0,0,0,,,1,0,0,0,0,0,0,0,0,0,0,0,0,0,0,0,0,0,0,0,0,1,2,0,0,1,0,0,0,,,,,,,,,,0,,,,,,,,,0,,,
"Bhutan","BT",2023,465,45,283,35,1,11,24,,793,840,71,864,464,51,1,4,1,221,2,,,12,,,,118,110,70,34,36,40,408,0,1,,,7,,,,175,119,52,15,22,27,410,0,22,60,692,,,,801,801,59,59,0,0,4,4,0,,0,,0,,1,28,1,35,63,464,51,47,5,,,355,28,52,6,36,4,35,4,34,4,,,,,,,,,4,0,0,0,864,6,6,,,,,1,1,1,,,,,,,0,,,,,,,,,0,,,
"Bolivia (Plurinational State of)","BO",2023,6628,455,1568,646,0,25,269,,8651,9322,940,9591,6628,915,0,0,1,221,36,,,103,,,,1141,1357,882,756,754,1045,5935,1,22,,,124,,,,632,653,435,357,367,657,3101,0,285,60,3287,,,,9301,9301,145,109,0,0,0,0,0,,0,,0,,0,,1,79,109,6427,847,94,51,,,6427,847,68,46,94,51,55,33,29,0,,,,,,,,,,,,0,8537,474,,0,,,,269,,,,,1791,3269,,,0,,,,,,,,,0,,,
"Bosnia and Herzegovina","BA",2023,352,25,34,31,2,0,2,0,411,444,35,446,352,31,0,3,1,220,0,1,0,,,1,12,,30,23,45,62,80,253,0,0,0,0,,,3,8,,31,15,18,20,95,190,,1,0,,,,,137,137,0,0,0,0,,,1,9,0,,0,,,,0,,,343,25,0,0,,,146,19,10,9,0,0,0,0,,,,,,,,,,,,,,,,,,,,,,,,,,,,,,,0,,,,,,,,,0,,,
"Botswana","BW",2023,1421,92,203,29,6,2,0,,1716,1753,37,1753,1389,29,32,35,,221,43,,,29,,,,100,179,237,205,126,128,975,0,30,,,35,,,,121,149,136,106,66,63,641,0,137,62,,1450,98,205,1697,1697,56,56,0,0,0,0,0,,0,,1,10,1,0,1,46,56,1389,29,56,0,,,56,0,56,0,56,0,56,0,0,0,0,0,0,0,0,0,0,0,0,0,0,1,1526,676,599,1,103,17,15,1337,587,8878,32332,339716,,,30209,32332,0,,,,,,,,,0,,,
"Brazil","BR",2023,57187,17373,10263,5400,1511,451,13519,,84823,92185,20881,105704,56906,15132,281,843,1,220,776,365,488,,,2554,6923,,15678,12946,10065,7784,6658,62608,50,553,325,599,,,1938,2937,,5397,5067,4096,3342,3635,26412,9,3106,62,,39262,3311,3253,104332,104332,1372,768,69,9,23,23,0,,0,,0,,1,763,0,,0,36873,10621,814,451,,,9042,2834,282,147,219,135,79,47,202,23,0,1,0,0,2,0,0,3,17,20,0,1,77648,9017,4703,1,2073,66,31,4217,,,,,,,,,0,,,,,,,,,1,1463546,74734,6668
"British Virgin Islands","VG",2023,0,0,0,0,0,0,0,,0,0,0,0,0,0,0,0,1,220,0,0,0,,,0,0,,0,0,0,0,0,0,,0,0,0,,,0,0,,0,0,0,0,0,0,,0,5,,,,,0,0,0,0,0,0,0,0,0,,0,,0,,0,,0,,0,0,0,0,0,,,0,0,0,0,0,0,0,0,0,0,0,0,0,0,0,0,0,0,0,0,0,1,0,0,0,1,0,0,0,,,,,,,,,,0,,,,,,,,,1,0,0,0
"Brunei Darussalam","BN",2023,153,42,51,12,1,1,0,,246,260,14,260,153,12,0,63,1,220,3,0,0,,,3,11,,28,20,35,28,42,167,0,0,0,0,,,3,11,,10,15,21,11,19,90,0,3,0,,,,,259,259,0,0,0,0,0,0,0,,0,,0,,3,,3,,0,153,12,0,0,,,152,11,5,0,0,0,0,0,0,0,0,0,0,0,0,0,0,0,0,0,0,1,255,5,5,,,,,4,1,51,,,,,,,0,,,,,,,,,0,,,
"Bulgaria","BG",2023,377,237,161,43,33,7,23,7,775,858,106,881,377,57,0,4,1,220,5,5,4,,,12,18,,45,80,132,95,124,506,0,3,2,1,,,7,15,,39,63,44,57,107,332,0,20,62,,0,0,0,870,870,10,10,0,0,1,1,,,,,,,,,,,,223,38,7,4,,,223,38,14,5,7,4,6,3,10,1,0,0,0,0,1,0,0,0,0,10,0,1,634,3,,,,,,,,,,,,,,,0,,,,,,,,,1,,,32
"Burkina Faso","BF",2023,5524,1444,1159,432,83,25,417,,8127,8667,957,9084,5500,824,24,,1,221,75,,,97,,,,775,1587,1675,1104,684,522,6347,,49,,,83,,,,308,396,397,330,286,299,2016,,304,60,5737,,,,8960,8960,123,109,1,1,2,2,0,,0,,1,2,1,0,1,108,112,4042,776,70,55,,,25,28,23,22,25,28,23,22,53,2,0,0,0,0,0,0,0,0,2,0,0,1,8418,549,513,,,,,510,230,7999,2657,81767,2657,7999,,,0,,,,,,,,,0,,,
"Burundi","BI",2023,4785,815,1874,266,99,109,78,,7474,7948,552,8026,4785,266,0,0,0,221,57,,,141,,,,620,1300,1323,946,632,498,5319,0,41,,,104,,,,404,567,497,370,297,233,2368,0,343,60,2302,,,,7976,7976,50,50,0,0,0,0,0,,0,,0,,0,,1,13,50,3273,50,45,5,,,0,0,0,0,0,0,0,0,0,0,0,0,0,0,0,0,0,0,0,0,0,1,7520,440,428,,,,,1117,87,6424,15247,76484,3052,6424,,,0,,,,,,,,,0,,,
"Cabo Verde","CV",2023,137,13,23,19,0,5,0,,173,197,24,197,137,19,0,4,,221,1,,,2,,,,17,16,50,30,11,3,127,0,1,,,3,,,,10,21,12,9,7,4,63,0,7,0,,,,,192,192,5,0,0,0,5,5,0,,0,,0,,0,,0,,5,3,2,3,2,,,3,0,3,0,3,0,3,0,0,0,0,0,0,0,0,0,0,0,0,0,0,1,197,22,22,,,,,20,9,289,,,,,,,0,,,,,,,,,1,2,2,2
"Cambodia","KH",2023,13113,7340,11488,181,123,25,138,,31941,32270,467,32408,13112,223,1,,,221,1321,,,3111,,,,929,1372,2229,2678,3492,3628,14328,,728,,,1990,,,,813,1129,1392,1456,2525,3352,10667,,7150,,,,,,32286,32286,122,122,122,0,7,7,0,,0,,0,,1,48,1,78,25,,,59,70,,,124,83,88,40,59,70,23,27,129,7,,,,,,,,,,,,0,29250,373,358,,,,,376,38,4970,5800,67703,2471,4970,7337,9778,0,,,,,,,,,0,,,
"Cameroon","CM",2023,16166,4634,3008,1321,0,0,576,,23808,25129,1897,25705,16166,1897,0,0,1,221,264,,,431,,,,2381,4007,3634,2667,1675,1166,15530,0,272,,,493,,,,1738,1961,1808,1219,778,635,8139,0,1460,60,5174,,,,25524,25524,180,158,0,3,1,1,0,,0,,0,,0,,1,158,159,5174,1888,90,84,,,91,27,23,16,29,20,22,14,99,0,,,,,,,,,,,,0,24855,4120,4023,0,,,,,,,,,,,,,0,,,,,,,,,0,,,
"Canada","CA",2023,1337,175,616,70,7,13,,,2128,2218,90,2218,939,70,398,1638,1,221,34,,,30,,,,175,203,189,146,148,284,1145,0,32,,,40,,,,144,202,146,109,113,206,920,0,136,0,,,,,2181,,32,,,,2,,3,,3,,3,,3,,3,,,655,35,16,4,,,653,35,57,7,15,4,13,4,16,1,,,,,,,,,,,,1,1251,36,,1,36,1,,,,,,,,,,,0,,,,,,,,,0,,,
"Cayman Islands","KY",2023,0,3,0,0,0,0,0,,3,3,0,3,0,0,0,3,0,220,0,0,0,,,0,0,,1,1,0,0,0,2,0,0,0,0,,,0,0,,1,0,0,0,0,1,0,0,62,,0,3,0,3,3,0,0,0,0,0,0,0,,0,,0,,0,,0,,0,0,0,0,0,,,0,0,0,0,0,0,0,0,0,0,0,0,0,0,0,0,0,0,0,0,0,1,3,0,0,1,0,0,0,,,,,,,,,,0,,,,,,,,,1,308,0,0
"Central African Republic","CF",2023,7789,4011,2452,261,202,67,134,,14252,14782,664,14916,7777,377,12,0,1,221,402,,,651,,,,1335,1886,1776,1304,662,378,7341,100,390,,,648,,,,1020,1479,1267,790,410,224,5190,60,2091,60,4817,,,,14782,14782,134,107,0,8,0,0,0,,0,,0,,0,,1,107,107,1324,101,102,28,,,102,28,102,28,102,28,102,28,32,0,0,0,0,0,0,0,0,0,0,0,0,1,12418,2848,2793,0,,,,2762,2804,8672,990,63560,,,,,0,,,,,,,,,0,,,
"Chad","TD",2023,10119,3420,1385,643,170,35,407,,14924,15772,1255,16179,10119,913,0,,1,221,244,,,322,,,,1604,2932,2557,1615,940,649,10297,0,168,,,233,,,,908,1210,1002,637,462,289,4508,0,967,60,7086,,,,15995,15995,184,142,0,2,1,1,0,,0,,1,1,0,,1,142,143,6520,906,148,36,,,148,36,1,2,148,36,1,2,7,1,0,0,1,0,0,0,0,0,0,0,0,1,13767,1520,1519,,,,,1519,,,6178,69188,801,7929,,,0,,,,,,,,,0,,,
"Chile","CL",2023,2293,133,548,148,5,24,196,,2974,3151,373,3347,2293,344,0,985,1,220,15,11,20,,,63,160,,400,354,312,317,358,1964,0,20,19,26,,,50,85,,233,158,144,170,236,1076,0,111,60,2533,,,,3278,3278,67,66,1,2,2,2,0,,0,,0,,0,,1,66,68,2128,275,48,15,,,2128,275,83,15,48,15,28,5,63,2,0,0,0,0,2,0,0,0,0,63,0,1,2931,272,,1,103,0,,186,120,3992,113,52610,85,3992,43,122,0,,,,,,,,,1,121981,4838,251
"China","CN",2023,326625,168788,29458,31180,8386,481,7894,,524871,564918,47941,572812,326625,36392,,23,1,221,195,,,2751,,,,27202,36191,37773,66187,83060,130918,381331,0,136,,,3378,,,,21766,24699,20522,24515,28859,56766,177127,0,6460,60,419716,,,,557894,555749,13380,11797,0,63,1538,1343,0,,0,,0,,1,9979,1,1394,11373,290480,33175,8903,6015,28302,5127,145342,14655,13362,3534,6166,3470,4455,2589,5034,1538,2,3,19,0,71,105,2,4,1332,82,4,1,383393,4925,,1,6460,10,,,,,,,,,,,0,,,,,,,,,0,,,
"China, Hong Kong SAR","HK",2023,2090,305,599,125,62,37,23,,2994,3218,247,3241,2090,144,0,306,1,220,1,2,4,,,8,21,,77,103,190,416,1213,2028,0,2,1,4,,,18,33,,136,170,169,193,457,1176,0,14,0,,,,,3214,2989,22,22,0,0,5,5,0,,0,,0,,1,26,1,1,27,1999,125,18,7,,,1999,125,112,18,18,7,11,7,25,5,0,0,0,1,4,0,0,0,0,24,1,1,2547,20,19,,,,,,,,,,,,,,0,,,,,,,,,1,,,
"China, Macao SAR","MO",2023,230,28,35,20,0,2,0,,293,315,22,315,219,20,11,42,1,220,0,0,1,,,4,7,,18,13,20,48,117,227,0,1,0,1,,,2,3,,16,12,11,14,27,85,0,3,60,276,,,,306,284,7,5,0,0,2,2,0,,0,,0,,1,7,0,,7,213,19,5,2,,,200,16,16,3,4,2,4,2,6,2,,,,,,,,,2,,,1,293,3,2,,,,,,,,,,,,,,0,,,,,,,,,1,2981,133,7
"Colombia","CO",2023,14524,2148,2805,407,55,31,890,,19477,19970,1383,20860,14266,1058,258,1191,1,220,160,82,97,,,529,1311,,3049,2053,1470,1697,2644,12753,0,112,66,112,,,407,617,,1240,942,869,940,1573,6588,0,629,62,,11581,856,2101,19749,19392,350,318,5,4,10,8,0,,0,,1,5,1,286,1,32,270,9772,817,245,105,,,9772,817,262,143,245,105,89,45,,9,0,2,0,0,4,0,0,0,3,,,1,19134,2090,1005,1,456,6,4,1005,490,13606,2329,138097,174,13606,1385,2616,0,,,,,,,,,1,265282,3013,1496
"Comoros","KM",2023,50,21,33,3,0,0,4,,104,107,7,111,50,3,0,7,1,221,3,,,3,,,,17,11,9,8,4,7,56,0,3,,,1,,,,6,11,4,8,7,5,41,0,10,60,78,,,,110,110,1,1,0,0,1,1,0,,0,,1,1,0,,1,1,1,50,3,1,0,,,50,0,49,0,1,0,0,0,1,0,0,0,0,0,0,0,0,0,0,0,0,0,99,2,2,,,,,2,1,19,,,,,,,0,,,,,,,,,0,,,
"Congo","CG",2023,7384,3994,2791,118,56,27,144,,14169,14370,345,14514,7384,118,0,0,1,221,173,,,337,,,,1465,1889,1788,1260,720,482,7604,0,168,,,433,,,,1109,1168,1095,926,679,678,5655,0,1111,60,5914,,,,14286,14286,228,228,228,7,38,38,0,,0,,0,,1,228,1,228,228,5796,118,158,70,,,5796,118,130,60,158,70,130,60,228,38,0,38,0,0,0,0,0,0,0,0,0,1,11818,1357,1155,0,,,,,,,,,,,,,0,,,,,,,,,0,,,
"Cook Islands","CK",2023,4,0,0,0,0,0,0,,4,4,0,4,4,0,0,1,0,220,,,,,,,,,,,1,,,1,,,,1,,,,,,,,,,2,2,,1,60,4,,,,4,4,0,0,0,0,0,0,0,,0,,0,,0,,0,,,0,0,0,0,,,0,0,0,0,0,0,0,0,0,0,0,0,,0,0,,0,0,,0,0,,0,0,0,,,,,,,,,,,,,,0,,,,,,,,,0,,,
"Costa Rica","CR",2023,382,21,60,11,0,0,0,,463,474,11,474,382,11,0,98,1,220,3,2,1,,,10,15,,87,48,39,47,61,307,0,8,3,3,,,10,7,,26,33,17,23,31,147,0,20,62,,144,0,20,450,450,3,3,0,0,0,0,0,,0,,0,,1,3,0,,3,382,11,3,0,,,382,11,15,1,3,0,0,0,3,0,0,0,0,0,0,0,0,0,0,0,0,0,437,50,,1,12,0,0,,,,,,,,,,0,,,,,,,,,1,29189,501,30
"Côte d'Ivoire","CI",2023,15417,1771,2960,1457,136,107,494,,20148,21848,2194,22342,15397,1940,20,,1,221,122,,,307,,,,2189,3428,3748,2555,1344,939,14203,1,94,,,365,,,,1387,1589,1553,999,686,542,6756,0,888,62,,11545,713,433,21856,21856,459,422,0,8,28,21,0,,0,,1,12,1,9,1,422,443,10215,1790,320,164,,,245,25,239,24,245,25,239,24,347,28,0,0,0,0,0,0,0,0,28,0,0,1,21608,2771,2700,,,,,2634,,,,,19697,83084,6561,7787,0,,,,,,,,,0,,,
"Croatia","HR",2023,216,10,28,4,0,2,5,0,254,260,11,265,168,9,48,41,1,220,2,0,0,,,0,5,,16,27,27,44,51,170,0,0,1,0,,,1,4,,10,12,8,14,38,87,0,3,62,,41,0,7,265,216,0,0,0,0,0,0,,,,,,,,,,,,145,6,0,0,,,145,6,11,0,0,0,0,0,0,0,0,0,0,0,0,0,0,0,0,0,0,1,39,3,,,,,,,,,,,,,,,,,,,,,,,,,,,
"Cuba","CU",2023,520,114,70,42,5,2,24,,704,753,73,777,520,65,0,0,1,220,4,3,2,,,10,19,,99,103,144,115,76,566,,0,1,3,,,2,14,,29,27,31,34,37,174,,13,62,,227,26,19,758,758,19,19,0,0,0,0,0,,0,,0,,0,,1,19,19,207,20,15,3,,,105,13,1,0,4,1,0,0,7,0,,,,,,,,,,,,1,753,58,58,1,13,1,1,53,53,1955,1795,28612,1614,1955,7243,7789,0,,,,,,,,,1,117740,1075,50
"Curaçao","CW",2023,,,,,,,,,,,,,,,,,,,,,,,,,,,,,,,,,,,,,,,,,,,,,,,,,,,,,,,,,,,,,,,,,,,,,,,,,,,,,,,,,,,,,,,,,,,,,,,,,,,,,,,,,,,,,,,,,,,,,,,,,,,,,,,,,,
"Cyprus","CY",2023,54,8,15,1,0,0,3,1,77,78,4,81,52,3,2,71,1,220,0,0,2,,,5,7,,16,6,2,5,3,44,0,1,0,0,,,0,9,,10,8,4,0,0,31,0,3,62,,42,0,9,81,81,0,0,0,0,0,0,,,,,,,,,,,,51,3,0,0,,,51,3,1,1,0,0,0,0,0,0,0,0,0,0,0,0,0,0,0,0,0,1,50,3,,,,,,,,,,,,,,,,,,,,,,,,,,,
"Czechia","CZ",2023,347,37,55,10,1,0,9,0,439,450,20,459,347,18,0,227,1,220,7,6,2,,,3,15,,52,69,60,48,56,303,0,10,3,1,,,4,4,,18,27,18,14,33,118,0,29,62,,321,19,45,431,406,28,27,0,0,0,0,,,,,,,,,,,,319,13,25,0,,,319,13,46,0,25,0,25,0,0,0,0,0,0,0,0,0,0,0,0,0,0,1,301,18,,,,,,,,,,,,,,,0,,,,,,,,,1,112795,3368,28
"Democratic People's Republic of Korea","KP",2023,19645,38212,16289,4213,0,0,4685,,74146,78359,8898,83044,19645,8898,0,0,1,221,414,,,1848,,,,4857,8722,12032,12152,6396,2529,46688,0,319,,,1255,,,,3378,5751,7473,6701,3279,1253,27835,0,3836,0,,,,,83044,83044,0,257,0,0,0,0,0,,0,,0,,0,,0,,0,0,421,0,257,421,257,,,,,,,,,,,,,,,,,,,,,,,,0,0,,,,,,,,,,,,,,0,,,,,,,,,0,,,
"Democratic Republic of the Congo","CD",2023,145252,61874,44744,3612,1906,681,2446,,251870,258069,8645,260515,145252,4831,0,,1,221,5170,,,12686,,,,23293,30185,29313,22380,15493,9735,130399,77,4420,,,12338,,,,19172,20139,19342,15491,11658,7088,92890,89,34614,60,35436,,,,257952,255857,1415,1267,0,56,45,44,0,,0,,1,30,1,14,1,1267,663,30150,3399,751,664,2735,664,756,664,384,399,751,664,379,399,637,45,0,0,0,0,0,0,0,0,45,0,0,1,200962,13096,11826,0,,,,,5445,83436,,,49209,83436,,,0,,,,,,,,,0,,,
"Denmark","DK",2023,106,20,48,,,,19,2,174,174,19,193,106,16,0,138,1,220,1,0,2,,,2,6,,18,16,21,17,18,98,0,3,0,4,,,1,7,,16,13,8,8,12,65,0,10,62,,104,17,43,187,149,5,3,0,1,1,0,,,,,,,,,,,,105,14,2,0,,,105,14,4,1,2,0,1,0,2,0,0,0,0,0,0,0,0,0,0,1,0,1,123,6,,,,,,,,,,,,,,,,,,,,,,,,,,,
"Djibouti","DJ",2023,,,,,,,,,,,,,,,,,,,,,,,,,,,,,,,,,,,,,,,,,,,,,,,,,,,,,,,,,,,,,,,,,,,,,,,,,,,,,,,,,,,,,,,,,,,,,,,,,,,,,,,,,,,,,42,24,235,122,2295,122,235,,,,,,,,,,,,,,,
"Dominica","DM",2023,4,0,0,0,0,0,0,,4,4,0,4,4,0,0,0,1,220,0,0,0,,,0,1,,0,0,0,0,0,1,0,0,0,0,,,0,0,,0,0,1,2,0,3,0,0,0,,,,,4,4,0,0,0,0,0,0,0,,1,4,0,,0,,0,,0,0,0,0,0,,,0,0,0,0,0,0,0,0,0,0,0,0,0,0,0,0,0,0,0,0,0,1,4,0,0,1,0,0,0,,,,,,,,,,0,,,,,,,,,1,744,,0
"Dominican Republic","DO",2023,2530,1077,326,261,165,18,273,,3933,4377,717,4650,2530,426,0,548,1,220,26,19,25,,,68,211,,692,617,525,365,309,2787,0,15,31,26,,,66,137,,339,288,231,187,200,1448,0,142,62,,2663,688,169,4476,4394,174,162,8,1,10,8,0,,0,,1,107,1,5,1,63,178,2394,407,132,42,,,184,39,88,25,75,23,73,23,113,10,0,0,0,1,3,0,0,0,6,28,1,1,4117,940,821,1,130,13,8,811,259,7942,1039,51775,146,7942,766,1115,0,,,,,,,,,1,51335,7046,300
"Ecuador","EC",2023,5613,943,1225,429,63,28,447,,7781,8301,967,8748,5613,876,0,184,1,221,118,,,102,,,,973,1415,1107,682,605,650,5432,0,90,,,118,,,,471,480,444,320,309,417,2441,0,428,62,,4529,593,562,8412,8236,321,238,7,9,15,17,0,,0,,1,17,1,10,1,235,150,5466,828,231,96,,,409,200,301,137,231,96,123,33,310,15,0,0,0,0,0,0,0,0,15,0,0,1,8272,1194,1146,1,408,25,20,,738,4681,,,,,,,0,,,,,,,,,0,,,
"Egypt","EG",2023,4470,489,4033,221,28,71,228,,8992,9312,548,9540,4470,449,0,1094,1,221,76,,,224,,,,1132,1758,1315,677,590,420,5892,0,52,,,208,,,,698,669,569,367,327,230,2860,0,560,62,,3977,513,465,9470,9470,70,64,0,2,1,1,0,,0,,0,,1,30,1,3,64,3960,92,31,39,,,3960,92,20,3,31,39,12,2,64,1,0,1,0,0,0,0,0,0,0,1,0,1,6409,68,68,,,,,68,68,4776,849,19384,,,,,0,,,,,,,,,0,,,
"El Salvador","SV",2023,2815,447,511,485,0,7,19,,3773,4265,511,4284,2815,504,0,3,1,221,31,,,54,,,,522,1357,745,321,154,244,3343,0,29,,,47,,,,76,129,111,133,140,172,761,0,161,60,3737,,,,4231,4231,37,34,0,0,0,0,0,,0,,1,22,0,,1,12,34,486,35,22,13,,,486,35,2,1,22,13,2,1,13,0,0,0,0,0,0,0,0,0,0,,,1,4091,248,207,0,,,,207,,,2599,12002,541,871,1742,2599,0,,,,,,,,,1,99,22,0
"Equatorial Guinea","GQ",2023,2226,941,190,161,113,16,119,,3357,3647,409,3766,2226,239,0,68,1,220,32,31,49,,,98,119,,453,476,254,147,93,1640,0,25,28,42,,,84,154,,575,490,267,140,90,1800,0,207,62,,2285,99,18,3715,3715,51,51,0,1,0,0,0,,0,,0,,0,,1,43,0,987,160,37,14,,,,,,,,,,,26,0,,,,,,,,,,,,1,3489,2195,1604,,,,,,,,,,,,,,0,,,,,,,,,0,,,
"Eritrea","ER",2023,770,699,605,88,35,23,17,,2074,2220,163,2237,770,88,0,0,1,221,164,,,110,,,,205,243,152,165,117,175,1057,0,113,,,78,,,,99,123,154,111,105,106,698,0,465,60,1433,,,,2211,804,26,26,0,0,0,0,0,,0,,0,,1,26,0,,26,770,88,17,9,,,25,21,12,3,12,1,9,0,9,0,,,,,,,,,,9,0,1,2198,55,55,,,,,55,13,230,164,8909,164,230,,,0,,,,,,,,,0,,,
"Estonia","EE",2023,72,4,2,17,3,0,1,0,78,98,21,99,72,18,0,24,1,220,0,0,0,,,1,1,,7,11,18,12,22,72,0,0,0,2,,,1,0,,3,7,4,1,8,24,0,2,62,,89,0,0,77,70,17,16,0,0,5,5,0,,0,,1,,1,,0,,18,72,15,13,9,,,67,15,15,9,11,9,10,9,19,5,1,1,0,0,2,1,0,0,0,18,1,1,94,12,10,,,,,,,,,,,,,,0,,,,,,,,,1,15763,211,8
"Eswatini","SZ",2023,1055,665,452,50,46,29,61,,2172,2297,186,2358,1050,90,5,13,1,220,60,32,18,,,43,70,,255,407,189,166,101,1231,,45,21,22,,,60,97,,236,204,127,84,60,868,,198,60,1838,,,,2294,2294,64,64,24,0,5,5,0,,0,,1,38,1,8,1,41,88,1050,90,45,21,,,1050,90,28,17,45,21,10,5,66,2,1,0,0,1,,,,,0,10,1,0,2297,1526,1505,1,198,60,59,1505,437,7334,5287,,,,155032,188261,0,,,,,,,,,0,,,
"Ethiopia","ET",2023,60568,33261,36807,1955,1083,1199,591,,130636,134873,4828,135464,60568,1955,0,0,1,220,2342,2184,2744,,,7232,12360,,19253,12313,8015,5260,4406,68839,0,1763,2039,2841,,,5956,9578,,14738,10008,6093,3458,2290,52121,0,13913,60,40496,,,,134691,134691,773,794,0,,4,4,0,,0,,0,,1,440,1,358,794,49490,1739,565,208,,,0,0,0,0,0,0,0,,537,4,0,0,,0,4,,0,0,,92,0,1,105472,8777,7264,0,,,,7264,4685,31450,,,25937,31450,36653,46716,0,,,,,,,,,0,,,
"Faroe Islands","FO",2023,,,,,,,,,,,,,,,,,,,,,,,,,,,,,,,,,,,,,,,,,,,,,,,,,,,,,,,,,,,,,,,,,,,,,,,,,,,,,,,,,,,,,,,,,,,,,,,,,,,,,,,,,,,,,,,,,,,,,,,,,,,,,,,,,,
"Fiji","FJ",2023,145,148,76,8,11,3,29,,369,391,51,420,145,21,0,12,1,221,2,,,11,,,,44,46,49,35,47,24,245,0,2,,,10,,,,24,22,13,27,17,18,121,0,25,62,,153,159,16,418,414,2,2,0,0,0,0,0,,0,,0,,1,2,0,,1,145,21,2,0,,,145,21,1,0,2,0,0,0,2,0,0,0,0,0,0,0,0,0,0,0,0,1,309,56,56,,,,,60,60,173,,,,,,,0,,,,,,,,,0,,,
"Finland","FI",2023,100,8,62,4,0,5,1,0,170,179,10,180,95,4,5,75,1,220,0,0,0,,,2,2,,18,18,12,11,42,105,0,1,1,0,,,3,2,,19,15,8,11,14,72,0,2,62,,79,0,41,172,133,6,4,0,0,2,1,,,,,,,,,,,,83,2,5,0,,,83,2,10,1,5,0,5,0,5,1,0,0,0,0,1,0,0,0,0,5,0,0,,9,9,,,,,,,,,,,,,,0,,,,,,,,,0,,,
"France","FR",2023,2241,1021,1306,0,0,0,298,74,4568,4568,298,4866,1679,165,562,3075,1,220,55,35,43,,,257,377,,674,481,346,281,519,2935,0,50,24,43,,,91,146,,284,268,169,135,290,1383,0,250,62,,0,0,0,4786,0,74,0,0,0,6,0,0,,3,,,,1,,1,,,40,13,40,13,,,40,13,34,12,40,13,34,12,43,3,0,0,0,1,2,0,0,0,0,42,2,1,,,,,,,,,,,,,,,,,1,,,,,5.2,2022,4.2,6.5,1,282,,
"French Polynesia","PF",2023,22,0,9,4,0,0,0,,31,35,4,35,22,4,0,0,1,220,0,0,0,,,1,0,,1,4,1,2,5,14,0,0,0,2,,,0,3,,4,1,2,6,3,19,0,2,60,30,,,,32,30,3,3,0,0,0,0,0,,0,,3,,1,3,3,,3,22,3,3,0,,,,,,,,,,,,,,,,,,,,,,,,1,23,0,0,,,,,,,,,,,,,,0,,,,,,,,,0,,,
"Gabon","GA",2023,3635,1885,665,265,164,34,230,,6185,6648,693,6878,3635,265,0,0,1,221,39,,,106,,,,831,1245,902,610,305,127,4020,0,35,,,98,,,,560,672,540,338,143,97,2350,0,278,60,4453,,,,6715,6715,118,107,0,3,6,6,0,,0,,0,,1,23,1,84,107,3216,215,118,0,,,118,0,111,0,118,0,111,0,111,6,,,,,,,,,,0,0,1,3515,985,922,0,,,,922,,,285,29835,285,2680,285,2680,0,,,,,,,,,0,,,
"Gambia","GM",2023,2109,392,165,100,,,49,,2666,2766,149,2815,2098,140,11,,1,221,36,,,42,,,,383,515,336,275,150,147,1806,,33,,,37,,,,194,214,158,108,70,68,812,,148,60,1934,,,,2792,2792,23,23,0,0,1,1,0,,0,,0,,0,,1,23,23,1934,140,14,9,,,,,,,,,,,,,,,,,,,,,,,,1,2610,330,312,,,,,312,,,4563,7879,,,,,0,,,,,,,,,0,,,
"Georgia","GE",2023,889,65,189,140,10,15,139,3,1143,1308,304,1447,889,271,0,,1,220,9,7,9,,,20,57,,131,163,203,198,113,885,0,3,9,16,,,20,35,,87,70,40,48,70,370,0,53,62,,1025,70,175,1303,1287,101,95,17,2,43,40,1,54,1,7,1,72,1,9,1,62,152,874,247,77,59,,,757,176,138,65,70,52,66,49,120,43,2,0,0,9,28,0,0,3,1,109,13,1,1241,28,28,,,,,39,18,578,,,,,,,0,,,,,,,,,1,42756,10355,36
"Germany","DE",2023,2906,324,968,76,8,19,180,16,4198,4301,283,4481,2041,218,865,3326,1,220,43,30,49,,,211,326,,661,469,348,340,401,2756,0,44,32,43,,,64,136,,304,219,166,127,277,1293,0,241,62,,2842,201,858,4273,4043,165,156,0,4,42,40,3,,3,,3,,3,,3,,,1778,158,89,45,,,1750,151,167,45,88,42,83,40,100,27,0,0,0,0,0,0,3,21,3,87,5,,,,,,,,,,,,,,,,,,0,,,,,,,,,0,,,
"Ghana","GH",2023,13086,4259,832,685,73,96,326,,18177,19031,1180,19357,13075,881,11,,1,221,189,,,262,,,,919,2351,3502,2923,1707,1363,12765,0,147,,,225,,,,667,1027,1220,1036,632,658,5240,0,823,60,18747,,,,18826,18826,226,198,0,0,1,1,0,,0,,1,19,1,22,1,157,199,13075,881,200,25,,,13075,881,156,8,200,25,41,3,225,1,,,,,,,,,,,,1,18826,2078,2040,,,,,2040,2078,29663,10173,151580,,,,,0,,,,,,,,,0,,,
"Greece","GR",2023,390,19,52,6,0,0,26,1,461,467,32,493,279,30,111,263,1,220,2,0,0,,,30,33,,54,52,47,35,53,304,34,2,0,0,,,6,14,,15,12,14,16,36,113,12,4,62,,310,2,39,482,439,11,9,0,0,0,0,,,,,,,,,,,,189,22,7,0,,,187,22,13,0,5,0,4,0,0,0,0,0,0,0,0,0,0,0,0,0,0,1,324,9,,,,,,,,,,,,,,,,,,,,,,,,,,,
"Greenland","GL",2023,30,5,4,9,1,0,1,0,39,49,11,50,,,,1,1,220,1,1,,,,3,2,,4,5,4,8,6,32,0,,,,,,,,,7,1,2,5,,15,,2,60,42,,,,49,48,,,,,,,0,,0,,0,,0,,0,,0,,,,,,,,,,,,,,,,,,,,,,,,,,,,1,42,0,0,,,,,,,,,,,,,,0,,,,,,,,,0,,,
"Grenada","GD",2023,4,0,0,1,0,0,0,,4,5,1,5,4,1,0,0,,220,,,,,,,,,,2,1,1,1,5,,,,,,,,,,,,,,,,,,0,,,,,5,5,0,0,0,0,0,0,0,,0,,0,,0,,0,,0,3,1,0,0,,,3,1,0,0,0,0,0,0,0,0,0,0,0,0,0,0,0,0,0,0,0,1,5,0,0,1,0,0,0,,,,,,,,,,0,,,,,,,,,1,,,1
"Guam","GU",2023,32,10,3,0,0,0,0,,45,45,0,45,32,0,0,31,1,220,3,0,0,,,1,1,,2,2,4,1,9,20,0,2,0,0,,,3,1,,5,3,4,2,2,20,0,5,60,39,,,,44,41,1,1,0,0,0,0,0,,0,,1,1,0,,0,,1,31,0,1,0,,,30,0,5,0,1,0,1,0,0,0,0,0,0,0,0,0,0,0,0,0,0,1,40,0,0,,,,,,,,,,,,,,0,,,,,,,,,1,5,,3
"Guatemala","GT",2023,3270,710,369,326,37,21,113,,4349,4733,497,4846,3270,426,0,7,1,220,148,154,53,,,112,276,,615,498,384,315,294,2494,6,143,148,47,,,84,156,,276,292,277,248,201,1534,6,693,60,3114,,,,4705,4644,73,65,0,10,9,7,0,,0,,1,1,1,4,1,65,65,2728,345,51,22,,,2728,345,39,25,51,22,18,12,68,9,0,0,0,1,1,0,0,0,7,15,1,1,4616,373,328,1,652,6,6,,328,2959,1446,2959,,,721,4563,0,,,,,,,,,1,,,
"Guinea","GN",2023,10627,3175,5657,516,51,29,259,,19459,20055,855,20314,10627,516,0,,1,221,156,,,494,,,,2146,2975,2545,1814,1118,965,11563,0,113,,,443,,,,1582,1870,1348,1123,744,619,7286,0,1206,60,5070,,,,19716,19716,295,289,0,3,10,10,0,,0,,0,,1,7,1,277,296,4652,418,218,77,,,259,33,145,29,211,33,133,29,163,9,0,0,0,1,1,0,1,0,6,57,10,1,19763,3418,3407,0,,,,3540,,,,,,,,,0,,,,,,,,,0,,,
"Guinea-Bissau","GW",2023,2259,263,86,35,6,3,44,,2608,2652,88,2696,2259,35,0,0,1,221,17,,,47,,,,281,440,437,247,127,68,1600,0,7,,,47,,,,188,261,225,122,86,52,934,0,118,60,2652,,,,2652,2652,39,33,0,,0,0,3,,3,,3,,3,,3,,33,,,,,,,,,,,,,,,,,,,,,,,,,,,,1,2417,736,532,0,,,,,,,,,,,,,0,,,,,,,,,0,,,
"Guyana","GY",2023,222,122,26,32,22,0,39,,370,424,93,463,222,50,0,12,1,220,0,4,1,,,10,18,,67,63,81,54,21,314,0,1,1,0,,,10,10,,27,16,24,10,6,103,0,7,60,207,,,,457,457,6,6,0,0,0,0,0,,0,,0,,1,6,0,,0,84,39,5,1,,,0,0,0,0,0,0,0,0,6,0,0,0,0,0,0,0,0,0,0,0,0,1,314,69,58,1,7,1,1,47,47,449,450,6440,286,449,,,0,,,,,,,,,1,,,
"Haiti","HT",2023,8384,1584,879,630,198,39,329,,10847,11714,1196,12043,8376,908,8,0,1,221,295,,,317,,,,547,1392,1987,804,735,405,5870,16,248,,,266,,,,454,1146,1683,664,406,338,4691,11,1126,62,,2675,1782,918,11600,11590,101,96,0,2,0,0,0,,1,15,0,,1,90,1,6,90,3381,370,88,13,,,,,,,,,,,27,0,,,,,,,,,,,,1,10127,1389,1184,1,1418,71,56,1184,579,12892,,,8113,12892,,,0,,,,,,,,,0,,,
"Honduras","HN",2023,2099,133,200,165,15,4,42,,2432,2616,226,2658,2099,206,0,0,1,220,17,12,7,,,55,169,,395,275,265,220,302,1681,0,11,3,14,,,50,71,,135,141,144,149,181,871,0,64,60,1262,,,,2634,2625,24,22,0,0,0,0,0,,0,,1,1,1,21,0,,22,1228,148,24,0,,,1228,148,18,0,24,0,8,0,21,0,0,0,0,0,0,0,0,0,0,0,0,1,2614,162,91,1,49,0,0,162,65,1195,1169,13278,712,1195,1010,1245,0,,,,,,,,,0,,,
"Hungary","HU",2023,329,125,13,14,12,0,0,0,467,493,26,493,329,14,0,53,1,220,1,0,0,,,4,9,,29,37,95,73,70,317,0,3,1,1,,,3,8,,14,25,31,24,65,170,0,6,62,,213,36,8,476,445,14,12,0,0,3,3,0,,0,,0,,1,2,0,,14,241,8,14,3,,,240,8,31,3,14,3,14,3,4,3,0,0,0,0,3,0,0,0,0,5,1,1,31,5,,,,,,,,,,,,,,,0,,,,,,,,,1,,,
"Iceland","IS",2023,9,1,4,0,0,0,2,2,14,14,2,16,1,0,8,14,1,220,0,0,0,,,0,1,,3,2,3,0,0,9,0,0,0,1,,,0,0,,3,0,0,1,0,4,0,1,62,,4,0,2,16,16,0,0,0,0,0,0,,,,,,,,,,,,0,0,0,0,,,0,0,0,0,0,0,0,0,0,0,0,0,0,0,0,0,0,0,0,0,0,,,,,,,,,,,,,,,,,,,,,,,,,,,,,,
"India","IN",2023,1013854,668550,581503,102295,10014,6498,135096,,2263907,2382714,253903,2517810,1013854,160443,0,0,1,220,21180,20657,26212,,,88750,132151,,248664,236343,244721,225887,194193,1370709,0,13023,15446,38695,,,115270,143375,,214018,129611,108933,91408,74177,876792,0,135213,62,,581221,80431,100189,2454147,2417297,52015,48107,1515,1554,12580,9158,0,,0,,1,41,1,31443,1,20646,52132,830611,137679,34761,24061,89911,22230,295130,59913,25770,17255,16670,12108,11606,8696,24866,11134,3,11,86,9,116,1885,8,119,8897,644,30,1,2278344,34476,34297,1,124522,,,34297,,,137465,,,,,,0,,,,,,,,,0,,,
"Indonesia","ID",2023,376117,341517,64233,15185,6831,953,16364,,781867,804836,39333,821200,308824,27398,67293,242,1,220,41159,19754,9474,,,19569,32877,,63632,67647,77164,75333,58813,395035,,37259,17808,11146,,,25299,32933,,49252,44742,50382,43102,27491,273201,,136600,62,,363768,111554,12636,808997,713877,11618,8733,0,70,575,630,0,,0,,1,178,1,6632,1,2512,6207,284931,27307,5919,4882,15166,2469,2936,4918,1797,2062,2921,2433,1788,1797,6484,574,1,5,1,16,449,5,0,5,92,5478,53,1,461158,16162,6736,1,48714,506,177,6736,,,,,2847,46370,,,0,,,,,,,,,0,,,
"Iran (Islamic Republic of)","IR",2023,4771,816,1407,305,86,40,222,,6994,7425,653,7647,4771,493,0,1882,1,220,32,33,28,,,153,258,,613,690,586,613,1225,4138,0,34,33,47,,,145,181,,332,313,354,541,1214,3080,0,207,60,235,,,,7612,7612,35,27,0,0,3,2,0,,0,,0,,1,27,0,,27,1951,340,14,20,,,779,229,29,37,14,20,8,9,26,3,0,0,0,0,1,0,0,0,2,17,0,1,7064,117,111,,,,,117,36,1711,207,18178,86,1711,415,436,0,,,,,,,,,1,,,
"Iraq","IQ",2023,2223,1305,3089,155,66,107,74,,6617,6945,402,7019,2223,176,0,55,1,221,96,,,145,,,,554,875,756,677,363,425,3650,0,61,,,229,,,,612,469,437,431,357,458,2764,0,531,60,519,,,,6876,6856,113,113,16,7,14,14,0,,0,,1,10,1,119,0,,143,2223,176,79,48,,,2223,176,18,26,79,48,17,25,127,14,,,,,,,,,,,,1,5753,0,0,,,,,,,,,,,,,,0,,,,,,,,,,,,
"Ireland","IE",2023,115,25,67,,,,16,1,207,207,16,223,76,11,39,150,1,220,1,0,3,,,2,13,,30,25,19,11,21,121,0,1,1,2,,,3,8,,19,15,10,6,17,78,0,8,62,,87,1,37,221,217,1,1,0,0,1,1,3,,3,,3,,3,,3,,8,71,9,2,0,,,70,9,5,0,2,0,2,0,1,1,0,0,0,1,0,0,0,0,0,1,1,1,75,6,5,,,,,,,,,,,,,,0,,,,,,,,,1,,,
"Israel","IL",2023,119,39,65,3,1,0,0,0,223,227,4,227,119,3,0,176,1,220,7,1,1,,,2,9,,28,34,24,21,22,140,,5,3,0,,,2,5,,22,14,11,6,10,70,,17,0,,,,,219,219,7,7,0,0,1,1,3,,3,,3,,3,,3,,,119,3,8,0,,,119,3,17,0,8,0,5,0,8,1,,,,,,,,,1,0,,1,227,10,10,,,,,,,,,,,,,,0,,,,,,,,,1,10,5,10
"Italy","IT",2023,1659,344,704,0,0,0,186,25,2707,2707,186,2893,1014,130,645,1745,1,220,31,28,18,,,124,215,,375,294,238,201,321,1768,0,32,20,13,,,40,53,,149,142,119,106,188,797,0,142,62,,961,0,307,1859,,39,,,,13,,,,,,,,,,,,,1383,18,48,1,,,1383,18,134,5,48,1,40,1,38,15,0,0,0,1,0,9,0,0,5,12,2,,,,,,,,,,,,,,,,,,,,,,,,,,,,,,
"Jamaica","JM",2023,78,0,4,1,0,0,9,,82,83,10,92,72,7,6,0,1,220,0,0,0,,,5,11,,19,10,4,10,6,65,0,0,0,0,,,1,3,,4,4,3,3,0,18,0,0,0,,,,,0,0,,,,,,,0,,0,,0,,0,,0,,,72,7,0,0,,,0,0,0,0,0,0,0,0,,,,,,,,,,,,,,0,13,13,13,0,,,,13,5,1115,,,,,,,0,,,,,,,,,,,,
"Japan","JP",2023,6346,838,2487,271,40,114,,,9671,10096,425,10096,6256,271,90,1619,1,220,11,3,2,,,53,282,,435,254,413,511,3960,5908,0,9,3,9,,,38,239,,401,196,237,260,2780,4151,0,37,0,,,,,10038,9639,58,56,,0,,,0,,0,,0,,1,,0,,,4320,156,41,9,,,4313,155,230,20,41,9,26,7,,,,,,,,,,,,,,1,650,14,,,,,,,,,,,,,,,0,,,,,,,,,1,1575936,35513,1587
"Jordan","JO",2023,86,26,131,2,2,4,7,,243,251,15,258,86,9,0,72,1,220,3,2,3,,,2,9,,37,23,18,10,11,110,0,4,3,5,,,10,7,,32,40,12,11,9,121,0,20,62,,86,26,32,255,255,3,3,0,0,0,0,0,,0,,0,,0,,0,,3,84,5,3,0,,,84,5,3,0,3,0,2,0,3,0,,,,,,,,,,,,1,239,0,0,,,,,,,,,,,,,,0,,,,,,,,,0,,,
"Kazakhstan","KZ",2023,5483,718,803,1943,427,132,166,34,7004,9506,2668,9672,5483,2075,0,158,1,220,53,37,52,,,228,223,,787,1358,1357,1129,693,5775,0,41,46,83,,,232,263,,631,584,476,482,751,3419,0,312,60,9411,,,,5880,5854,3193,2965,893,34,599,599,0,,0,,1,10,1,3567,1,33,,5482,2072,1709,1225,1943,1109,5482,2072,1668,1264,1709,1225,1496,1143,,451,,,,,,,,,,1227,7,1,9316,573,533,,,,,533,205,3416,2686,28855,2368,3416,2941,2984,0,,,,,,,,,1,130596,,244
"Kenya","KE",2023,43730,33400,11806,3244,2087,386,2473,,88936,94653,8190,97126,43713,4777,17,0,1,220,3987,1219,1355,,,3220,5229,,13222,13767,9269,4718,4192,53617,0,3794,1083,1342,,,2410,3390,,6924,6226,4364,2528,2414,28256,0,12780,62,,34283,13730,3420,96644,96644,380,372,0,0,8,8,0,,0,,0,,1,372,1,8,380,30474,3473,248,132,,,430,132,179,15,248,132,37,15,47,8,1,0,0,7,0,0,0,0,0,40,0,1,92896,23789,23325,1,12138,1282,1261,,4625,91018,121991,1338251,,,90700,122219,0,,,,,,,,,0,,,
"Kiribati","KI",2023,240,121,177,8,12,7,0,,538,565,27,565,240,8,0,0,,221,48,,,55,,,,42,29,28,31,31,21,182,0,32,,,32,,,,74,29,34,26,26,27,216,0,167,62,,247,101,113,563,563,2,2,0,0,0,0,0,,0,,1,2,0,,0,,2,238,8,1,1,,,0,0,0,0,0,0,0,0,2,0,0,0,0,0,0,0,0,0,0,1,0,1,216,0,0,,,,,,,,,,,,,,0,,,,,,,,,0,,,
"Kosovo","XA",2023,170,261,127,12,7,4,4,1,558,581,27,585,170,15,0,0,1,221,4,,,13,,,,30,47,32,37,51,88,285,0,7,,,10,,,,32,31,36,32,46,85,262,0,34,60,245,,,,585,585,0,2,0,0,0,0,0,,0,,0,,1,2,0,,0,170,15,0,2,,,,,,,,,,,1,0,,,,,,,,,,,,1,196,1,0,,,,,,,,,,,,,,0,,,,,,,,,0,,,
"Kuwait","KW",2023,218,50,142,0,0,0,0,,410,410,0,410,218,0,0,324,1,221,3,,,2,,,,21,65,89,59,17,10,261,0,1,,,2,,,,5,56,38,24,10,8,141,0,8,62,,218,50,142,404,404,6,6,0,0,1,1,0,,0,,0,,1,7,0,,7,218,0,7,0,,,218,0,23,0,7,0,7,0,7,1,,,,,,,,,,,,1,410,2,2,,,,,,,,,,,,,,0,,,,,,,,,0,,,
"Kyrgyzstan","KG",2023,2191,806,750,290,110,36,491,62,3747,4183,927,4674,2190,678,1,,1,221,47,,,101,,,,489,444,355,388,347,245,2268,,40,,,83,,,,371,357,212,176,203,325,1644,,271,60,3778,,,,3930,3783,626,593,59,47,117,107,0,,0,,1,74,1,544,1,46,590,2094,626,438,254,267,105,2026,625,578,301,371,254,303,228,647,103,2,6,,5,89,,1,,,692,13,1,4048,141,105,,,,,101,56,1025,486,6358,332,1025,575,647,0,,,,,,,,,1,31500,866,312
"Lao People's Democratic Republic","LA",2023,5344,2890,428,281,173,8,91,,8662,9124,553,9215,5344,342,0,39,1,220,15,22,17,,,114,337,,1007,952,1075,1242,1378,6105,0,21,7,21,,,65,164,,335,386,528,662,776,2916,0,103,62,,5623,3029,409,9173,9173,42,39,0,0,0,0,0,,0,,1,1,0,,1,38,39,5344,342,26,16,,,,,,,,,,,39,0,,,,,,,,,,,,1,8052,376,353,,,,,353,238,2066,2044,11682,1308,2066,1149,2061,0,,,,,,,,,0,,,
"Latvia","LV",2023,,,,,,,,,,,,,,,,,,,,,,,,,,,,,,,,,,,,,,,,,,,,,,,,,,,,,,,,,,,,,,,,,,,,,,,,,,,,,,,,,,,,,,,,,,,,,,,,,,,,,,,,,,,,,,,,,,,,,,,,,,,,,,,,,,
"Lebanon","LB",2023,313,37,154,1,0,0,10,,504,505,11,515,311,9,2,262,1,220,8,6,10,,,10,17,,48,45,33,24,26,203,0,6,10,8,,,17,39,,100,47,24,16,11,254,0,48,62,,302,22,37,510,507,4,4,0,0,0,0,0,,0,,0,,1,3,1,1,4,302,9,2,2,,,302,9,7,3,2,2,0,2,2,0,0,0,0,0,0,0,0,0,0,1,0,1,359,3,2,,,,,2,0,226,2,2298,1,226,,,0,,,,,,,,,0,,,
"Lesotho","LS",2023,2807,2138,380,509,593,68,105,,5325,6495,1275,6600,2807,581,,,,220,87,55,41,,,77,112,,533,790,718,685,1330,4245,,80,59,45,,,95,134,,355,432,331,186,350,1883,,367,60,4565,,,,6512,6470,118,117,0,3,5,6,,,0,,1,15,1,30,1,78,123,2409,468,69,19,,,69,,0,,69,,,,88,5,,,,,,,,,,,,1,6327,3150,3081,1,316,47,44,3081,,,16371,242533,,,,,0,,,,,,,,,0,,,
"Liberia","LR",2023,4872,1050,1321,99,26,15,160,,7243,7383,300,7543,4866,112,6,0,,221,225,,,185,,,,812,1188,1046,683,365,226,4320,1,225,,,165,,,,479,530,497,350,238,146,2240,4,800,60,2440,,,,7387,7387,156,120,0,2,0,0,0,,0,,0,,0,,1,120,120,2376,50,156,0,,,120,,120,,120,,120,,0,0,0,0,0,0,0,0,0,0,0,0,0,1,6446,692,580,0,,,,822,330,6406,,,3456,6406,,,0,,,,,,,,,1,246,0,0
"Libya","LY",2023,1157,310,834,17,,,103,,2301,2318,120,2421,1157,85,0,647,1,222,,,,,39,,,499,552,232,149,90,85,1607,0,,,,,71,,,177,124,97,82,72,49,601,0,110,62,,,,,2318,,,13,0,,1,,0,,0,,0,,1,1,1,12,,1050,,8,5,,,3,2,1,2,3,2,1,2,6,1,0,0,0,0,1,0,0,0,0,1,1,1,1648,60,,,,,,,,,,,,,,,0,,,,,,,,,0,,,
"Lithuania","LT",2023,503,38,78,85,0,3,16,0,619,707,104,723,503,101,0,27,1,220,6,6,2,,,8,5,,39,81,129,134,99,495,0,3,8,9,,,10,9,,26,23,29,20,61,178,0,34,62,,0,0,0,607,607,90,90,0,0,26,26,,,,,,,,,,,,503,101,77,39,,,503,101,107,39,77,39,72,35,66,26,0,1,0,1,20,0,0,0,4,64,1,1,687,29,,,,,,,,,,,,,,,,,,,,,,,,,,,
"Luxembourg","LU",2023,27,2,12,1,0,0,4,0,41,42,5,46,19,4,8,43,1,220,0,1,0,,,2,1,,6,2,5,3,5,24,0,0,1,1,,,0,3,,5,3,2,1,1,15,0,3,62,,22,1,9,45,45,1,1,0,0,0,0,3,,3,,3,,3,,3,,0,17,3,1,0,,,17,3,1,1,1,0,1,0,0,0,0,0,0,0,0,0,0,0,0,0,0,1,28,2,,,,,,,,,,,,,,,0,,,,,,,,,1,,,
"Madagascar","MG",2023,28934,5476,9298,1770,349,593,1163,,43708,46420,3875,47583,28934,2522,0,0,1,221,761,,,1146,,,,4631,5852,5235,4491,3187,2151,25547,0,719,,,1311,,,,4319,4142,3121,2503,1703,1148,16936,0,3937,60,7021,,,,47485,47485,98,87,0,2,0,0,0,,0,,0,,1,1,1,86,87,6086,935,8,90,,,16,334,0,24,8,90,0,24,48,0,,,,,,,,,,,,1,33379,977,824,,,,,974,821,974,,,,,237,237,0,,,,,,,,,0,,,
"Malawi","MW",2023,7754,3200,5868,938,476,548,245,,16822,18784,2207,19029,7754,1106,0,0,1,221,278,,,432,,,,1061,2432,2921,2046,1084,1093,10637,0,228,,,401,,,,945,1468,1660,1295,792,648,6808,0,1339,60,8542,,,,18910,18910,107,102,7,4,4,3,3,,0,,0,,1,25,1,87,112,4739,870,44,23,,,,,,,,,,,,4,,,,,,,,,,,,1,18748,8872,8751,0,,,,8751,2039,66462,,,47297,66462,,,0,,,,,,,,,0,,,
"Malaysia","MY",2023,14677,6429,3506,902,477,158,632,,24612,26149,2169,26781,14677,1060,0,4101,1,220,455,207,156,,,511,1027,,2749,2865,2963,2915,2868,15898,,379,216,260,,,584,916,,1732,1465,1315,1284,1282,8578,,1673,60,5340,,,,26616,26569,165,139,,4,9,8,0,,0,,0,,1,18,1,7,139,11543,990,83,91,,,11542,982,174,109,82,83,25,24,105,9,0,1,0,0,8,0,0,0,0,96,0,1,25239,1016,360,,,,,360,249,3591,1205,45701,680,3591,,,0,,,,,,,,,0,,,
"Maldives","MV",2023,50,27,40,0,0,0,1,,117,117,1,118,50,0,0,26,1,220,0,0,0,,,1,6,,19,22,11,12,13,84,0,0,1,1,,,1,4,,6,6,4,6,4,31,0,2,60,116,,,,117,117,0,0,0,0,0,0,0,,0,,0,,0,,0,,0,38,0,0,0,,,0,0,0,0,0,0,0,0,0,0,0,0,0,0,0,0,0,0,0,0,0,1,69,0,0,,,,,0,0,3,,,,,0,0,0,,,,,,,,,0,,,
"Mali","ML",2023,5363,1143,1477,179,97,7,185,,7983,8266,468,8451,5363,341,0,0,,221,57,,,128,,,,732,1312,1096,881,703,620,5344,0,52,,,121,,,,467,587,529,364,337,280,2564,0,358,60,7126,,,,8266,43,43,43,0,0,0,0,0,,0,,1,0,0,,1,43,0,1474,69,30,13,,,0,0,0,0,0,0,0,0,0,0,0,0,0,0,0,0,0,0,0,0,0,0,7156,472,467,,,,,467,396,11666,,,6786,11270,,,0,,,,,,,,,0,,,
"Malta","MT",2023,32,17,19,0,0,0,0,0,68,68,0,68,32,0,0,64,1,220,0,0,0,,,1,4,,26,13,4,4,0,52,0,0,0,1,,,0,0,,4,7,1,1,2,15,0,1,62,,0,0,0,68,68,0,0,0,0,0,0,0,,3,,3,,3,,3,,,28,0,0,0,,,28,0,1,0,0,0,0,0,0,0,0,0,0,0,0,0,0,0,0,0,0,1,54,3,3,,,,,,,,,,,,,,0,,,,,,,,,1,0,0,0
"Marshall Islands","MH",2023,86,41,81,4,3,0,1,,208,215,8,216,86,4,0,0,1,221,19,,,28,,,,14,6,9,12,17,7,65,,17,,,27,,,,8,10,7,8,13,13,59,,91,62,,42,19,30,215,215,1,1,0,1,1,0,0,,0,,0,,1,1,0,,1,40,4,0,1,,,40,1,0,1,0,1,0,1,0,0,0,0,0,0,0,0,0,0,0,0,0,0,216,0,0,,,,,,,,,,,,,,0,,,,,,,,,1,,2,2
"Mauritania","MR",2023,1228,488,664,46,8,6,5,,2380,2440,65,2445,1228,51,0,35,1,222,,,,,63,,,297,370,256,199,216,223,1561,6,,,,,58,,,189,171,119,93,98,82,752,0,121,0,,,,,2409,2409,36,36,0,0,1,1,0,,0,,0,,1,1,1,35,36,0,51,0,36,,,0,0,0,0,0,0,0,0,0,0,0,0,0,0,0,0,0,0,0,0,0,1,1947,49,34,,,,,,,,,,,,,,0,,,,,,,,,0,,,
"Mauritius","MU",2023,99,0,4,0,0,0,0,,103,103,0,103,99,0,0,10,1,220,0,0,1,,,2,3,,12,15,17,20,9,78,0,0,0,0,,,3,2,,6,6,1,3,3,24,0,1,60,103,,,,103,103,0,0,0,0,0,0,0,,0,,0,,0,,0,,0,99,0,0,0,,,99,0,0,0,0,0,0,0,0,,0,0,0,0,0,0,0,0,0,0,0,1,103,17,17,,,,,,,,,,,,,,0,,,,,,,,,0,,,
"Mexico","MX",2023,15953,4709,4863,1111,253,141,1271,,25525,27030,2776,28301,15872,2382,81,9,1,220,151,81,146,,,740,1401,,3116,3066,3277,2640,2556,16796,0,129,73,189,,,588,823,,1572,1501,1802,1577,1602,9465,0,769,60,6941,,,,27857,26367,444,327,0,8,16,13,0,,0,,0,,1,340,0,,340,6578,1624,256,177,,,482,261,201,111,251,165,90,47,427,14,1,0,0,0,13,0,0,0,0,14,1,1,21365,2434,1606,1,352,16,,,,,,,,,,,0,,,,,,,,,0,,,
"Micronesia (Federated States of)","FM",2023,26,181,4,0,0,0,0,,211,211,0,211,26,0,0,3,1,220,9,15,13,,,9,3,,11,12,14,19,17,85,0,9,17,8,,,4,3,,9,20,8,11,8,63,0,71,60,165,,,,207,207,0,0,0,0,0,0,0,,0,,0,,0,,0,,0,,,,,,,,,,,,,,,,,,,,,,,,,,,,1,208,1,1,,,,,,,,,,,,,,0,,,,,,,,,,,,
"Monaco","MC",2023,,,,,,,,,,,,,,,,,,,,,,,,,,,,,,,,,,,,,,,,,,,,,,,,,,,,,,,,,,,,,,,,,,,,,,,,,,,,,,,,,,,,,,,,,,,,,,,,,,,,,,,,,,,,,,,,,,,,,,,,,,,,,,,,,,
"Mongolia","MN",2023,1499,315,699,330,74,81,183,,2513,2998,668,3181,1499,491,0,0,1,221,21,,,68,,,,217,330,391,344,311,147,1740,,18,,,60,,,,214,293,203,139,116,126,1091,,167,60,2691,,,,3008,2983,154,145,11,2,162,153,0,,0,,1,5,1,33,1,95,10,1462,446,72,44,314,31,1462,446,84,49,72,44,8,19,95,8,0,0,0,0,7,0,0,0,1,0,0,1,2761,3,3,,,,,3,1,23,0,262,0,23,0,0,0,,,,,,,,,1,17533,135,222
"Montenegro","ME",2023,46,8,1,6,1,0,0,0,55,62,7,62,46,6,0,7,1,221,0,,,0,,,,2,3,5,8,9,13,40,0,0,,,0,,,,1,3,2,4,3,9,22,0,0,60,62,,,,62,62,0,0,0,0,0,0,0,,0,,0,,0,,0,,0,46,6,0,0,,,46,6,3,0,0,0,0,0,0,0,0,0,0,0,0,0,0,0,0,0,0,1,62,2,2,,,,,,,,,,,,,,0,,,,,,,,,1,1,,
"Montserrat","MS",2023,,,,,,,,,,,,,,,,,,,,,,,,,,,,,,,,,,,,,,,,,,,,,,,,,,,,,,,,,,,,,,,,,,,,,,,,,,,,,,,,,,,,,,,,,,,,,,,,,,,,,,,,,,,,,,,,,,,,,,,,,,,,,,,,,,
"Morocco","MA",2023,14746,1687,14578,995,79,344,1065,,31011,32429,2483,33494,14667,2060,79,89,1,221,253,,,891,,,,3709,5112,3488,2205,1970,2027,18511,,241,,,972,,,,2889,2642,1829,1439,1335,1427,11561,,2357,60,13192,,,,33246,33246,231,231,2,1,17,17,0,,1,,0,,1,114,1,46,,6875,1206,85,157,,,96,201,65,151,85,157,54,107,179,17,,,,,,,,,17,,,1,19483,330,310,,,,,285,,,,,,,,,0,,,,,,,,,0,,,
"Mozambique","MZ",2023,51804,57689,2925,1473,2265,161,500,,112418,116317,4399,116817,51791,1492,13,,1,223,1849,,,4861,,,,,,,,,,53867,,1705,,,4654,,,,,,,,,,49381,,13069,60,93641,,,,114849,114646,1482,1394,203,144,28,21,0,,0,,0,,1,1618,0,,1618,44022,1268,1362,120,1252,,606,339,182,138,174,108,104,79,248,28,1,3,0,7,7,0,1,0,9,22,11,0,116763,26919,26336,1,10490,1276,1227,26336,7151,288300,,,287581,288300,306278,342337,0,,,,,,,,,0,,,
"Myanmar","MM",2023,46865,57768,10138,6523,7188,640,1720,,114771,129122,16071,130842,46863,7903,2,14,1,221,5917,,,6887,,,,6768,11517,13867,12619,11219,11350,67340,2,4715,,,5394,,,,6746,7144,6105,6025,6078,6768,38866,1,22913,60,65730,,,,128211,128211,2338,2170,64,22,299,278,0,,0,,1,256,1,1385,1,777,1412,40193,7201,1374,1257,5918,770,2432,2895,941,1147,1024,1241,688,846,2627,293,0,0,0,1,34,0,0,0,258,35,1,1,117370,7767,6074,1,19517,391,275,6074,2985,25261,24597,216757,5569,25261,18917,20042,1,,,,,,,,,0,,,
"Namibia","NA",2023,5210,1369,1112,1081,348,130,261,,7691,9250,1820,9511,5210,1292,0,758,,220,276,116,63,,,199,428,,1329,1289,902,571,410,5128,,271,101,105,,,228,314,,781,742,523,297,305,3190,,932,62,,6170,1166,475,9214,9200,294,279,14,25,3,3,0,,0,,1,19,1,120,1,157,296,5108,1252,197,88,,,,,,,,,,,101,3,1,,,,1,,,,1,2,1,1,9149,2962,2934,1,914,80,79,2934,616,8996,7841,208872,6552,8996,176915,178354,0,,,,,,,,,0,,,
"Nauru","NR",2023,12,0,6,0,0,0,0,,18,18,0,18,12,0,0,0,,220,2,0,0,,,0,0,,2,1,2,0,0,5,,0,0,1,,,0,1,,2,0,5,0,2,10,,3,0,,,,,18,18,0,0,0,0,0,0,0,,0,,0,,0,,0,,0,12,0,0,0,,,,,,,,,,,,,,,,,,,,,,,,0,14,0,0,,,,,,,,,,,,,,0,,,,,,,,,0,,,
"Nepal","NP",2023,19031,5418,9910,2002,226,294,566,,34359,36881,3088,37447,18998,2427,33,,,221,866,,,704,,,,3153,3169,3092,3165,3558,5211,21348,0,742,,,671,,,,2683,2247,1654,1584,1705,2677,12550,0,2983,60,19294,,,,36604,36604,693,454,,10,150,92,0,,0,,0,,1,281,0,,,15198,1893,604,89,1468,68,419,493,35,43,19,14,19,13,401,142,,,,,,,,,,,,0,33176,208,205,,,,,207,174,2416,,,5,2416,618,1009,0,,,,,,,,,0,,,
"Netherlands (Kingdom of the)","NL",2023,397,73,240,0,0,0,0,0,710,710,0,710,0,0,397,578,1,220,4,2,1,,,77,37,,101,73,52,39,60,439,1,5,2,7,,,20,21,,64,50,37,27,29,248,1,21,62,,345,0,119,696,0,9,0,0,0,5,0,3,,3,,3,,3,,3,,,0,0,0,0,,,0,0,0,0,0,0,0,0,0,0,0,0,0,0,0,0,0,0,0,0,0,,,,,,,,,,,,,,,,,,0,,,,,,,,,1,18,,
"New Caledonia","NC",2023,16,4,12,0,0,0,0,,32,32,0,32,16,0,0,0,1,220,0,0,0,,,0,0,,1,4,1,3,8,17,0,1,0,0,,,1,0,,5,2,2,1,3,14,0,1,60,10,,,,32,32,0,0,0,0,0,0,0,,0,,0,,0,,0,,0,13,,0,,,,13,0,1,0,0,0,0,0,0,0,0,0,0,0,0,0,0,0,0,0,0,1,20,,,,,,,,,,,,,,,,0,,,,,,,,,0,,,
"New Zealand","NZ",2023,147,7,139,3,0,1,6,,293,297,10,303,146,3,1,269,1,220,0,2,4,,,4,14,,34,31,12,15,32,142,0,3,3,2,,,8,11,,34,21,24,18,25,141,0,14,,,,,,,,,,,,,,,,,,,,,,,,,,,,,,,,,,,,,,,,,,,,,,,,,,,,1,292,1,,,,,,,,,,,,,,,0,,,,,,,,,1,,,
"Nicaragua","NI",2023,1536,282,195,90,14,5,82,,2013,2122,191,2204,1536,172,0,0,1,222,,,,,47,,,202,340,311,207,135,124,1319,0,,,,,29,,,139,136,128,123,94,107,727,0,76,60,750,,,,2072,2072,50,25,0,0,2,2,0,,0,,1,3,1,14,1,8,25,663,87,36,14,,,663,87,20,4,36,14,20,4,27,2,0,0,0,0,2,0,0,0,0,2,0,1,2102,138,138,1,76,2,2,143,147,1116,,,712,1116,713,934,0,,,,,,,,,1,98,98,16
"Niger","NE",2023,12295,1013,1685,473,,,284,,14993,15466,757,15750,12295,757,,,1,221,178,,,212,,,,1628,3021,2356,1580,1224,1118,10927,,138,,,184,,,,663,921,734,607,482,420,3827,,712,60,3918,,,,15599,15599,151,127,0,2,8,8,0,,0,,0,,0,,1,119,8,3981,658,106,45,,,12,9,8,7,12,9,8,7,127,8,,,,,8,,,,,8,0,0,12661,328,281,,,,,287,,,,,1758,2811,,,0,,,,,,,,,0,,,
"Nigeria","NG",2023,296338,62149,3147,4210,1362,44,3769,,361634,367250,9385,371019,296183,6649,155,,1,221,4728,,,14773,,,,27316,43905,46526,35598,22089,15029,190463,0,4235,,,12343,,,,24676,35308,32513,23232,14432,10338,140499,0,36079,60,266939,,,,367519,367519,3585,2992,0,94,57,55,0,,0,,1,601,1,42,1,2404,3047,248920,6444,3500,,4023,,248863,,313,,3500,,228,,3272,28,,,,,,,,,,,,1,356817,17628,16467,0,,,,,,,,,151099,204808,,,0,,,,,,,,,0,,,
"Niue","NU",2023,0,0,0,0,0,0,0,,0,0,0,0,0,0,0,0,0,,0,0,0,,,0,0,,0,0,0,0,0,0,0,0,0,0,,,0,0,,0,0,0,0,0,0,0,0,5,,,,,0,0,0,0,0,0,0,0,,,0,,,,0,,0,,0,0,0,0,0,,,0,0,0,0,0,0,0,0,0,,0,0,0,0,0,0,0,0,0,0,0,,0,0,0,,,,,,,,,,,,,,0,,,,,,,,,0,,,
"North Macedonia","MK",2023,101,22,22,9,1,2,3,3,145,157,15,160,101,12,,4,1,221,8,,,4,,,,9,20,11,9,23,25,97,,5,,,4,,,,5,7,6,6,2,13,39,,21,60,90,,,,158,158,2,2,0,0,0,0,0,,0,,0,,0,,0,,0,75,8,2,0,,,75,8,0,1,2,0,0,0,0,,,,,,,,,,,,,1,36,0,,,,,,,,,,,,,,,0,,,,,,,,,0,,,
"Northern Mariana Islands","MP",2023,16,3,2,1,0,0,0,,21,22,1,22,16,1,,13,1,220,,,,,,,,,2,3,2,5,2,14,,,,,,,,,,1,1,1,4,1,8,,,62,,17,3,2,22,22,0,0,0,0,0,0,0,,0,,0,,0,,0,,0,16,1,0,0,,,16,1,0,0,0,0,0,0,0,0,0,0,0,0,0,0,0,0,0,0,0,1,20,0,0,,,,,,,,,,,,,,0,,,,,,,,,1,235,5,3
"Norway","NO",2023,94,9,33,,,,17,0,136,136,17,153,94,14,0,134,1,220,2,1,1,,,8,5,,14,17,11,12,4,71,0,3,0,0,,,3,3,,22,14,8,5,3,58,0,7,62,,90,8,25,137,129,12,12,0,0,4,4,,,,,,,,,,,,91,14,13,3,,,90,10,25,2,13,3,13,2,14,4,0,0,0,0,4,0,0,0,0,13,0,1,124,3,,,,,,,,,,,,,,,,,,,,,,,,,,,
"occupied Palestinian territory, including east Jerusalem","PS",2023,12,0,3,0,0,0,1,,15,15,1,16,12,1,0,0,0,221,0,,,0,,,,1,0,1,2,2,4,10,1,1,,,0,,,,0,0,1,1,0,1,3,0,1,0,,,,,16,16,,,,,,,0,,1,16,0,,0,,0,,0,,,,,,,,,,,,,,,,,,,,,,,,,,,,1,15,0,0,,,,,,,,,,,,,,0,,,,,,,,,0,,,
"Oman","OM",2023,439,12,32,5,0,1,1,,483,489,7,490,421,6,18,391,1,221,1,,,2,,,,41,106,106,69,24,19,365,0,0,,,0,,,,15,37,32,13,9,15,121,0,3,60,485,,,,486,477,2,1,0,0,2,2,0,,0,,0,,1,3,0,,3,334,6,4,0,,,333,3,25,0,4,0,3,0,4,2,0,0,0,0,0,0,0,0,2,0,0,1,483,7,6,,,,,6,6,221,,,,,,,0,,,,,,,,,0,,,
"Pakistan","PK",2023,184918,188536,87453,10499,3454,901,4375,,460907,475761,19229,480136,184598,13128,320,1208,1,221,15956,,,17782,,,,39072,35182,34417,35935,34332,34781,213719,0,12314,,,21088,,,,45529,36989,32708,29809,26160,23707,194902,0,67140,60,228757,,,,475535,475535,3619,2588,25,136,982,977,0,,0,,1,425,1,2116,1,768,3590,147660,10763,4088,513,8317,332,4333,741,1979,416,2032,492,1704,360,3359,982,4,1,0,29,309,0,0,1,638,454,14,1,300435,1164,714,,,,,712,775,12731,,,,,,,0,,,,,,,,,0,,,
"Palau","PW",2023,13,2,0,0,0,0,0,,15,15,0,15,13,0,0,4,1,221,1,,,0,,,,0,0,2,0,1,2,5,0,0,,,0,,,,2,1,2,2,1,1,9,0,1,62,,13,2,0,15,15,0,0,0,0,0,0,0,,0,,0,,0,,0,,0,13,0,0,0,,,13,0,1,0,0,0,0,0,0,0,0,0,0,0,0,0,0,0,0,0,0,1,15,0,0,,,,,,,,,,,,,,0,,,,,,,,,0,,,
"Panama","PA",2023,1239,463,233,88,41,13,147,,1935,2077,289,2224,,,,,1,221,80,,,40,,,,187,311,240,186,156,151,1231,,55,,,40,,,,109,133,108,100,91,90,631,,215,60,998,,,,2145,,56,,,,4,,0,,0,,1,10,1,69,0,,79,700,51,49,8,,,700,51,23,2,49,8,8,2,32,1,,,,,,,,,,0,0,1,2025,345,338,1,215,6,6,331,151,1988,482,20225,497,1988,,,0,,,,,,,,,1,,,
"Papua New Guinea","PG",2023,9149,11993,17904,603,612,608,1892,,39046,40869,3715,42761,9140,1089,9,,1,221,2236,,,2730,,,,4350,4332,2968,2292,1645,799,16386,2,1862,,,2596,,,,4141,4041,2788,1983,1317,451,14721,5,9424,62,,9752,3815,1535,42254,,507,352,,26,4,4,0,,0,,0,,1,185,0,,,9140,1089,451,56,23,,451,56,451,56,451,56,451,56,,4,,,,,,,,,,,,0,26824,1499,1307,,,,,3759,669,6095,,,1154,6095,5217,7511,0,,,,,,,,,0,,,
"Paraguay","PY",2023,2242,689,312,414,49,13,388,,3243,3719,864,4107,2242,716,0,60,1,220,28,19,28,,,120,385,,836,451,364,263,282,2701,0,21,16,18,,,83,107,,208,149,109,99,133,888,0,130,60,2521,,,,4077,3809,27,26,3,3,0,0,0,,0,,0,,1,29,0,,29,1917,625,10,13,,,1917,624,2,9,10,13,1,2,12,0,0,0,0,0,0,0,0,0,0,0,0,1,3266,291,239,1,88,2,0,239,70,1837,228,12754,113,1837,21,21,0,,,,,,,,,1,34639,13897,95
"Peru","PE",2023,19604,3817,5032,2542,499,192,1427,,28453,31686,4660,33113,19604,3712,0,488,1,220,175,126,378,,,1596,2365,,5058,3021,2406,2234,2959,19639,0,154,136,391,,,1006,1231,,2357,1657,1331,1219,1886,10687,0,1360,62,,8545,0,1190,30871,30213,2059,2035,230,85,183,177,0,,0,,0,,1,165,1,94,2442,16643,3313,1416,758,2220,337,15898,3156,1799,729,1304,690,859,524,1528,180,0,0,0,2,96,2,0,1,79,306,2,1,29745,1788,1010,1,1215,19,6,1008,1707,10928,3958,86915,3396,10928,3244,3958,0,,,,,,,,,0,,,
"Philippines","PH",2023,225715,269994,8998,25273,45197,593,9961,,504707,575770,81024,585731,225715,30429,0,88,1,220,11793,11163,5661,,,15519,26451,,52612,55030,63180,62988,61395,337175,47,9400,9430,4436,,,10155,15965,,29359,27751,30612,32601,40189,186632,33,51883,62,,215532,152299,5445,576979,449560,8722,7518,377,81,30,30,0,,0,,1,46,1,2352,1,4660,7895,186133,27608,4334,4313,22994,3083,387,523,249,418,370,505,237,405,1020,30,,,,,,,,,,,,1,356347,2581,2581,1,3416,12,12,6197,2550,13013,11700,72765,8179,13013,,,0,,,,,,,,,1,593827,,20472
"Poland","PL",2023,3227,527,167,183,38,2,292,43,3921,4144,515,4436,3227,430,0,350,1,220,7,6,8,,,31,60,,282,552,695,701,696,3017,0,7,8,15,,,31,44,,117,164,157,177,386,1076,0,51,62,,1828,0,58,4334,0,76,0,0,0,26,0,,,,,,,,,,,,2775,357,79,22,,,2765,354,182,38,79,22,76,22,91,26,0,0,1,2,20,0,0,0,3,87,2,,,,,,,,,,,,,,,,,,0,,,,,,,,,1,472,,
"Portugal","PT",2023,867,161,430,29,4,10,64,7,1458,1501,107,1565,867,70,0,567,1,220,12,4,8,,,17,76,,164,139,197,178,232,1003,0,11,2,7,,,12,32,,77,81,66,69,116,453,1,44,62,,442,17,129,1552,1551,10,10,0,1,3,3,0,,0,,1,6,1,14,1,1,21,421,31,10,2,,,421,31,33,6,10,2,10,2,3,3,0,0,0,0,0,2,0,0,1,0,0,1,1068,101,,,,,,,,,,,,,,,0,,,,,,,,,1,,,53
"Puerto Rico","PR",2023,15,1,4,0,0,0,1,,20,20,1,21,15,1,0,6,1,220,0,0,0,,,0,0,,3,1,3,1,7,15,0,0,0,0,,,0,0,,1,0,0,1,3,5,0,0,60,9,,,,20,20,1,1,0,0,0,1,0,,0,,0,,0,,1,0,1,14,1,0,1,,,14,1,1,1,0,1,0,1,0,0,0,0,0,0,0,0,0,0,0,0,0,1,20,1,0,1,0,0,0,,,,,,,,,,0,,,,,,,,,0,,,
"Qatar","QA",2023,388,29,494,0,0,0,0,,911,911,0,911,388,0,0,888,1,221,3,,,2,,,,73,272,204,86,31,11,677,0,1,,,2,,,,29,106,63,22,2,4,226,0,8,60,882,,,,904,904,0,0,0,0,7,7,3,,3,,1,2,0,,0,,7,388,0,7,0,,,388,0,7,0,7,0,7,0,7,7,,,,,,,,,,,,1,911,5,5,,,,,6,6,88,,,,,,,0,,,,,,,,,0,,,
"Republic of Korea","KR",2023,10769,1827,3597,1490,329,349,1179,,16193,18361,3347,19540,10366,2007,403,1107,1,220,0,3,7,,,49,121,,521,714,1322,2421,6145,11293,0,1,0,8,,,45,113,,436,484,624,836,4511,7049,0,19,62,,8332,1207,1539,18989,18971,479,475,0,0,72,72,0,,3,,1,,1,,3,,,10366,2007,274,201,,,10338,2007,754,260,246,201,141,143,475,69,0,1,0,0,68,0,0,0,0,69,0,,,,,,,,,,,,,,,,,,0,,,,,,,,,1,,,
"Republic of Moldova","MD",2023,1122,414,196,311,107,14,204,35,1732,2164,636,2368,1122,515,0,18,1,220,22,26,37,,,34,27,,209,436,409,292,138,1545,0,21,25,22,,,18,19,,95,122,66,64,82,466,0,153,62,,1393,446,190,1868,1764,392,357,56,19,107,104,0,,0,,0,,1,346,1,171,517,1112,472,270,208,311,123,937,339,292,185,233,167,229,166,432,96,10,9,0,5,59,10,0,3,0,409,15,1,2091,264,243,,,,,243,146,888,289,8509,289,888,191,192,0,,,,,,,,,1,33820,33820,186
"Romania","RO",2023,5882,670,1167,1255,99,49,384,28,7719,9122,1787,9506,5882,1605,0,64,1,220,114,58,69,,,183,256,,629,1102,1850,1237,980,6237,0,74,61,50,,,156,184,,377,379,445,316,602,2459,0,426,62,,4060,193,370,9274,9115,211,208,0,0,21,21,,,,,,,,,,,,4590,1206,112,113,,,4477,1181,199,143,110,112,72,95,77,21,0,0,2,0,3,1,0,0,15,10,0,1,7825,178,137,,,,,,,,,,,,,,0,,,,,,,,,1,243392,,703
"Russian Federation","RU",2023,22501,17381,3440,6284,4530,507,16798,16798,43322,54643,28119,71441,22501,14999,0,1381,,221,283,,,536,,,,1474,4851,12790,9936,5658,2923,37632,195,275,,,620,,,,1131,2576,4593,2801,1657,2291,15049,53,1714,60,48009,,,,44507,43651,18080,16358,5016,503,7770,5395,0,,0,,0,,,,1,573,,21042,14653,7350,9528,5691,3304,21042,14653,9203,10429,7350,9528,6953,9086,15934,5496,65,50,35,232,2977,339,12,66,1720,3402,309,1,52872,13411,10519,1,1559,18,18,,,,,,,,,,0,,,,,,,,,1,1764618,61523,5055
"Rwanda","RW",2023,5964,1196,1515,515,86,59,208,,8675,9335,868,9543,5959,704,5,0,1,220,234,46,36,,,193,818,,1871,1880,893,690,563,6908,0,247,37,41,,,92,198,,437,366,277,209,207,1786,0,641,62,,5744,539,640,9394,9304,92,90,0,1,0,0,0,,0,,0,,1,2,1,88,90,5708,662,69,23,,,,,,,,,,,,,,,,,,,,,,,,1,9328,1151,1061,,,,,1061,280,11168,,,,,196245,201177,0,,,,,,,,,1,32853,22535,565
"Saint Kitts and Nevis","KN",2023,0,0,1,0,0,0,0,,1,1,0,1,0,0,0,1,0,220,,,,,,,,,1,,,,,1,,,,,,,,,,,,,,,,,,60,1,,,,1,1,0,0,0,0,0,0,0,,1,1,0,,0,,0,,0,0,0,0,0,,,0,0,0,0,0,0,0,0,0,0,0,0,0,0,0,0,0,0,0,0,0,0,1,0,0,1,0,0,0,,,,,,,,,,0,,,,,,,,,0,,,
"Saint Lucia","LC",2023,2,0,0,0,0,0,0,,2,2,0,2,2,0,0,0,1,221,0,,,0,,,,0,0,0,0,0,2,2,0,0,,,0,,,,0,0,0,0,0,0,0,0,0,60,2,,,,2,2,0,0,0,0,0,0,0,,0,,0,,0,,0,,0,1,0,0,0,,,,,,,,,,,,,,,,,,,,,,,,1,1,0,0,1,0,0,0,,0,42,,,,,,,0,,,,,,,,,0,,,
"Saint Vincent and the Grenadines","VC",2023,2,2,0,0,0,0,0,,4,4,0,4,2,0,0,0,,220,0,0,0,,,0,0,,1,0,0,,,1,,0,0,0,,,1,0,,0,1,1,,,3,,0,60,2,,,,2,2,0,0,0,0,0,0,0,,1,0,0,,0,,0,,0,2,0,0,0,,,0,0,0,0,0,0,0,0,0,0,0,0,0,0,0,0,0,0,0,0,0,0,2,1,1,1,0,0,0,,,,,,,,,,0,,,,,,,,,1,2,2,2
"Samoa","WS",2023,,,,,,,,,,,,,,,,,,,,,,,,,,,,,,,,,,,,,,,,,,,,,,,,,,,,,,,14,14,0,0,0,0,0,0,0,,0,,0,,0,,0,,0,,,,,,,,,,,,,,,,,,,,,,,,,,,,1,14,0,0,,,,,,,,,,,,,,0,,,,,,,,,0,,,
"San Marino","SM",2023,,,,,,,,,,,,,,,,,,,,,,,,,,,,,,,,,,,,,,,,,,,,,,,,,,,,,,,,,,,,,,,,,,,,,,,,,,,,,,,,,,,,,,,,,,,,,,,,,,,,,,,,,,,,,,,,,,,,,,,,,,,,,,,,,,
"Sao Tome and Principe","ST",2023,55,20,28,2,0,0,0,,103,105,2,105,55,2,0,0,1,220,1,4,1,,,4,7,,11,12,8,2,4,48,,0,1,3,,,2,5,,4,6,18,5,7,47,,10,62,,57,20,4,103,103,1,1,0,0,0,0,0,,0,,0,,0,,1,1,1,1,2,1,0,,,1,0,0,0,1,0,0,0,0,0,0,0,0,0,0,0,0,0,0,0,0,1,103,15,15,,,,,,,,,,,,,,0,,,,,,,,,1,7,0,0
"Saudi Arabia","SA",2023,1864,55,563,46,4,6,55,,2482,2538,111,2593,1848,47,16,1191,1,221,10,,,20,,,,261,543,396,258,164,173,1795,0,13,,,27,,,,125,211,153,69,41,74,673,0,70,60,1877,,,,2528,2528,32,32,0,0,0,0,0,,0,,0,,1,32,0,,32,1699,42,14,18,,,1699,42,20,8,14,18,2,8,0,0,0,0,0,0,0,0,0,0,0,0,0,1,2353,55,55,,,,,55,23,1437,,,,,,,0,,,,,,,,,1,129,129,88
"Senegal","SN",2023,12574,1063,2219,812,0,0,536,,15856,16668,1348,17204,12574,1338,0,0,1,221,63,,,415,,,,2605,3594,2099,1263,819,647,11027,0,44,,,272,,,,1532,1288,801,518,384,324,4847,0,794,62,,6887,1063,923,17091,17091,111,103,0,2,2,2,0,,3,,3,,1,8,1,95,0,5789,951,60,51,,,21,19,11,9,21,19,11,9,38,2,0,0,0,0,0,0,0,0,2,0,0,0,15721,614,613,,,,,614,258,5148,1998,35157,1170,5148,2151,2429,0,,,,,,,,,0,,,
"Serbia","RS",2023,504,296,161,39,9,5,46,3,961,1014,99,1060,504,48,0,30,1,220,6,1,4,13,,6,8,30,72,73,90,131,156,566,0,7,2,5,10,,11,9,32,52,48,53,75,120,400,0,48,62,245,17,0,1,472,472,3,3,0,0,0,0,0,,0,,0,,0,,1,3,0,90,7,3,0,,,3,4,3,4,3,0,3,0,0,0,,,,,,,,,,,,1,53,0,0,,,,,0,0,163,,,,,,,0,,,,,,,,,1,109203,5169,24
"Seychelles","SC",2023,21,0,2,0,0,0,0,,23,23,0,23,21,0,0,3,1,222,,,,,0,,,0,5,10,4,2,1,22,0,,,,,0,,,0,0,0,0,0,1,1,0,0,62,,21,0,2,23,23,0,0,0,0,0,0,0,,0,,0,,0,,0,,0,21,0,0,0,,,21,0,21,0,0,0,0,0,0,0,0,0,0,0,0,0,0,0,0,0,0,1,23,5,5,,,,,5,1,73,4,107,1,73,7,11,0,,,,,,,,,0,,,
"Sierra Leone","SL",2023,14510,5762,1232,333,100,12,128,,21504,21949,573,22077,14509,417,1,0,1,221,482,,,353,,,,1869,3201,2891,2288,1230,865,12344,123,484,,,361,,,,1432,2046,1789,1226,751,489,7733,61,1680,60,14318,,,,21885,21885,192,184,0,4,4,4,0,,0,,1,89,1,71,1,24,184,6165,,192,,,,,,,,,,,,24,4,,,,,,,1,3,,,,1,21439,2868,2866,,,,,,11888,16860,9455,69629,9372,15076,,,0,,,,,,,,,0,,,
"Singapore","SG",2023,1032,723,263,64,21,10,6,,2018,2113,101,2119,1032,64,0,1112,,220,1,0,0,,,10,61,,176,185,185,224,456,1297,0,1,1,1,,,9,23,,220,179,109,91,181,812,0,4,60,2022,,,,2104,2022,15,14,0,0,0,0,0,,1,2,1,7,0,,1,6,14,900,40,14,1,,,900,40,44,2,14,1,11,1,15,0,0,0,0,0,0,0,0,0,0,0,0,1,1553,20,,,,,,10,3,98,,,0,98,6,6,0,,,,,,,,,0,,,
"Sint Maarten (Dutch part)","SX",2023,3,,0,0,0,0,0,,3,3,0,3,3,0,0,1,1,220,,,,,,,,,,,1,,,1,,,,,,,,,,,,,1,1,2,,,0,,,,,1,0,0,0,0,0,0,0,0,,0,,0,,0,,0,,0,1,,0,,,,0,0,0,0,0,0,0,0,0,0,0,,,0,,,0,,,,,0,0,0,0,0,,,,,,,,,,,,,0,,,,,,,,,0,,,
"Slovakia","SK",2023,105,62,21,9,5,4,15,3,188,206,33,221,105,21,0,12,1,220,19,9,9,,,6,2,,4,9,22,19,12,74,0,17,17,10,,,9,0,,4,7,6,4,21,51,0,81,62,,65,0,9,213,212,4,4,0,0,4,4,0,,0,,1,4,1,4,0,,1,83,21,5,3,,,83,21,10,4,5,3,5,3,8,4,0,0,0,0,0,0,0,0,4,0,0,1,76,0,,,,,,,,,,,,,,,0,,,,,,,,,1,10,7,2
"Slovenia","SI",2023,69,1,10,3,1,1,3,0,80,85,8,88,69,6,0,44,1,220,0,0,0,,,1,2,,9,4,8,16,15,55,0,0,0,1,,,1,0,,2,1,5,2,18,29,0,1,62,,56,0,7,88,79,0,0,0,0,0,0,0,,0,,0,,0,,0,,0,69,5,0,0,,,69,5,3,0,0,0,0,0,0,0,0,0,0,0,0,0,0,0,0,0,0,1,70,2,,,,,,,,,,,,,,,0,,,,,,,,,1,583,583,1
"Solomon Islands","SB",2023,182,42,115,6,3,2,0,,339,350,11,350,182,6,0,0,1,221,8,,,6,,,,38,34,45,32,24,11,184,,3,,,11,,,,43,46,27,19,19,4,158,,28,60,188,,,,349,0,1,1,0,0,0,0,0,,0,,0,,1,1,1,0,0,0,1,0,0,,,0,0,0,0,0,0,0,0,0,0,,,,,,,,,,,,1,1,1,1,,,,,,,,,,,,,,0,,,,,,,,,,,,
"Somalia","SO",2023,9122,4346,4971,93,26,13,33,,18439,18571,165,18604,9122,126,0,1,,221,787,,,996,,,,2162,1998,1552,1248,995,934,8889,1,700,,,1004,,,,1413,1360,1143,987,759,532,6194,0,3487,60,7921,,,,18242,18242,329,315,4,38,1,1,0,,0,,0,,1,107,1,212,319,7795,126,254,75,93,21,259,66,225,60,252,66,219,60,292,1,0,0,0,0,1,0,,0,0,0,0,0,16609,98,73,,,,,83,,,,,380,528,,,0,,,,,,,,,0,,,
"South Africa","ZA",2023,111457,55698,27626,9961,4137,2931,10231,,194781,211810,27260,222041,107994,15004,3463,,1,220,4554,1420,1485,,,4450,7665,,27941,35334,22452,13148,7252,118242,0,4081,1477,1782,,,5022,7577,,21609,19956,11750,7223,5632,78769,0,14799,60,176386,,,,214493,214493,6799,6799,179,286,745,576,0,,0,,1,868,1,1262,1,4009,4009,104370,13784,4233,2937,9084,1616,2401,1936,1509,1143,2401,1936,1509,1143,6297,730,5,3,0,136,399,6,3,7,171,3681,295,1,177988,95793,86390,1,11025,2177,1912,,31036,426540,,,261684,426540,226722,466297,0,,,,,,,,,1,,,
"South Sudan","SS",2023,12075,7467,3525,561,220,70,1047,,23067,23918,1898,24965,12034,1047,41,0,1,221,969,,,1124,,,,2689,4320,2985,1718,1095,872,13679,21,813,,,1130,,,,1238,1461,1250,1007,670,536,6162,20,4036,60,6772,,,,24751,24751,214,207,0,2,0,0,0,,0,,0,,0,,1,207,0,0,0,0,0,,,0,0,0,0,0,0,0,0,0,0,0,0,0,0,0,0,0,0,0,0,0,1,22320,2457,2329,,,,,4138,,,,,10280,15722,,,0,,,,,,,,,0,,,
"Spain","ES",2023,2464,419,1108,0,0,0,217,22,3991,3991,217,4208,2187,159,277,1825,1,220,52,31,44,,,88,188,,398,414,466,375,563,2492,0,44,17,39,,,63,88,,226,229,203,149,314,1272,0,227,62,,1689,0,463,4150,3779,58,56,0,0,0,0,,,,,,,,,,,,1526,112,39,9,,,1477,110,89,13,38,7,29,5,9,0,0,0,0,0,0,0,0,0,0,0,0,1,3050,242,,,,,,,,,,,,,,,,,,,,,,,,,,,
"Sri Lanka","LK",2023,4833,1626,2366,324,67,55,267,,8825,9271,713,9538,4832,527,1,20,1,221,33,,,62,,,,381,565,893,1171,1426,1442,5878,,26,,,94,,,,454,408,425,537,630,720,3174,,215,60,2518,,,,9510,9510,28,27,0,0,1,1,0,,0,,1,,1,14,1,13,0,2717,293,2,26,,,727,26,1,8,2,26,1,8,27,1,,,,,,,,,,,,0,8948,43,38,,,,,97,46,702,,,,,,,0,,,,,,,,,0,,,
"Sudan","SD",2023,4972,4015,3890,323,89,49,287,,12877,13338,748,13625,4953,496,19,,0,221,254,,,392,,,,1396,1918,1348,1010,719,792,7183,,183,,,308,,,,768,946,765,677,459,367,3982,,1137,60,1951,,,,13536,13536,89,89,0,2,5,5,0,,0,,0,,1,5,1,84,,1644,307,29,28,,,,,,,,,,,,,,,,,,,,,,,,1,4117,114,103,,,,,103,,,,,,,,,0,,,,,,,,,0,,,
"Suriname","SR",2023,85,13,15,7,0,0,5,,113,120,12,125,85,10,0,6,1,220,2,1,1,,,4,3,,11,12,15,23,8,76,0,1,0,0,,,2,4,,9,6,5,11,2,39,0,5,60,118,,,,111,107,14,1,0,0,0,0,0,,0,,0,,0,,1,1,0,82,10,12,2,,,82,10,1,0,12,2,1,0,0,0,0,0,0,0,0,0,0,0,0,0,0,1,111,13,12,1,0,0,0,,,,,,,,,,0,,,,,,,,,0,,,
"Sweden","SE",2023,201,14,117,3,2,4,14,1,332,341,23,355,201,13,0,303,1,220,1,1,1,,,14,20,,34,39,34,14,34,189,0,3,2,1,,,4,7,,39,20,33,12,28,143,0,9,62,,204,0,96,347,343,7,7,0,0,1,1,0,,3,,0,,0,,1,7,7,192,6,7,0,,,192,6,19,0,7,0,6,0,7,1,0,0,0,0,1,0,0,0,0,7,0,,,,,,,,,,,,,,,,,,0,,,,,,,,,0,,,
"Switzerland","CH",2023,360,37,16,,,,21,3,413,413,21,434,298,19,62,326,1,220,1,2,3,,,41,20,,58,45,25,27,43,259,0,6,4,1,,,6,10,,28,29,20,20,23,136,1,17,60,373,,,,424,368,8,8,0,0,2,2,3,,3,,3,,1,2,3,,,248,9,8,1,,,245,9,16,2,7,1,5,1,6,2,0,0,1,0,0,1,0,0,0,0,0,,,,,,,,,,,,,,,,,,0,,,,,,,,,0,,,
"Syrian Arab Republic","SY",2023,1468,522,1311,40,18,45,40,,3301,3404,143,3444,1468,61,0,9,1,221,36,,,97,,,,417,569,379,258,211,169,2003,0,17,,,116,,,,344,231,169,165,134,92,1135,0,266,62,,390,7,8,3381,3381,20,20,0,1,5,5,0,,0,,1,23,0,,0,,23,1468,61,23,0,,,407,24,41,10,23,0,10,0,23,3,3,0,0,0,0,0,0,0,0,0,0,1,1612,0,0,,,,,,,,,,,,,,0,,,,,,,,,1,2,2,2
"Tajikistan","TJ",2023,1824,1161,1055,244,76,75,105,13,4040,4435,500,4540,1824,323,0,18,1,221,39,,,106,,,,566,523,377,312,295,238,2311,0,35,,,93,,,,336,423,251,211,277,353,1851,0,273,60,3901,,,,4151,4047,389,276,95,4,121,101,0,,0,,1,43,1,329,1,100,35,1823,323,360,115,244,115,1682,289,503,137,342,101,335,100,392,115,5,0,0,12,96,2,0,0,0,241,17,1,4412,133,133,,,,,,45,1116,,,939,1116,921,1032,0,,,,,,,,,1,,,99
"Thailand","TH",2023,45796,17893,10452,4083,1441,544,1616,,74141,80209,7684,81825,45265,5141,531,4060,1,220,167,70,91,,,736,1852,,6398,8121,11300,11513,14405,54325,0,98,60,166,,,740,1404,,3426,3253,4067,4605,7737,25232,0,652,60,53458,,,,80755,80755,1011,955,0,5,59,58,0,,0,,1,94,1,263,1,656,1013,41819,2840,808,203,,,22156,1392,2621,255,603,173,479,140,468,32,0,0,0,0,22,0,0,0,10,22,0,1,69370,5474,5055,1,292,16,14,5055,,,944,440708,640,25533,1336,1649,0,,,,,,,,,0,,,
"Timor-Leste","TL",2023,2723,2609,516,109,70,0,144,,5848,6027,323,6171,2723,109,0,0,1,221,63,,,75,,,,415,517,412,523,596,769,3232,0,53,,,89,,,,417,440,333,399,416,510,2515,0,280,60,2729,,,,6027,6027,26,26,0,0,0,0,1,26,0,,1,0,1,,1,26,26,26,0,26,0,,,0,0,0,0,0,0,0,0,0,0,0,0,0,0,0,0,0,0,0,0,0,1,5268,48,48,,,,,39,,,,,73,243,,,0,,,,,,,,,0,,,
"Togo","TG",2023,2526,75,335,143,0,1,82,,2936,3080,226,3162,2526,223,0,0,,221,9,,,34,,,,228,393,474,433,252,164,1944,0,13,,,55,,,,208,226,183,174,127,107,1025,0,111,60,1365,,,,3132,3132,15,15,0,0,0,0,0,,,,0,,0,,1,15,15,2095,140,6,9,,,17,51,7,10,6,9,5,7,15,0,,,0,,,0,,,0,,,0,3064,399,398,,,,,398,,,,,,,,,0,,,,,,,,,0,,,
"Tokelau","TK",2023,0,0,0,0,0,0,0,,0,0,0,0,0,0,0,0,1,221,0,,,0,,,,0,0,0,0,0,0,0,0,0,,,0,,,,0,0,0,0,0,0,0,0,0,5,,,,,0,0,0,0,0,0,0,0,0,,0,,0,,0,,0,,0,0,0,0,0,,,0,0,0,0,0,0,0,0,0,0,0,0,0,0,0,0,0,0,0,0,0,0,0,0,0,,,,,,,,,,,,,,0,,,,,,,,,1,0,0,0
"Tonga","TO",2023,6,0,2,0,0,0,0,,8,8,0,8,6,0,0,1,0,222,,,,,0,,,1,1,1,0,1,2,6,0,,,,,0,,,0,0,0,0,2,0,2,0,0,62,,5,0,2,8,8,0,0,0,0,0,0,0,,0,,0,,0,,0,,0,6,0,0,0,,,0,0,0,0,0,0,0,0,0,0,0,0,0,0,0,0,0,0,0,0,0,1,8,0,0,,,,,,,,,,,,,,0,,,,,,,,,0,,,
"Trinidad and Tobago","TT",2023,154,106,10,3,3,1,8,,270,277,15,285,154,6,0,7,,221,2,,,1,,,,12,38,54,37,36,23,200,0,4,,,1,,,,11,9,13,16,9,11,69,0,8,60,2,,,,,,2,2,,0,0,0,0,,0,,0,,1,1,0,,1,2,0,0,0,,,0,0,0,0,0,0,0,0,0,0,0,0,0,0,0,0,0,0,0,0,0,1,241,49,49,0,,,,49,17,349,25,7222,5,349,24,30,0,,,,,,,,,0,,,
"Tunisia","TN",2023,932,163,1959,32,2,26,12,,3054,3114,72,3126,932,32,0,0,1,221,20,,,77,,,,220,246,284,229,212,223,1414,0,16,,,94,,,,251,267,266,248,231,230,1493,0,207,62,,207,,144,3102,3102,12,11,0,0,1,1,0,,0,,0,,0,,0,,11,819,,12,2,,,819,0,45,0,12,0,12,0,12,1,0,0,0,0,0,1,0,0,0,0,0,1,317,14,14,,,,,14,14,430,,,107,430,,,0,,,,,,,,,0,,,
"Türkiye","TR",2023,4482,1271,3211,250,75,119,119,35,8964,9408,563,9527,4482,306,0,1239,1,220,62,60,67,,,216,454,,727,708,869,996,1246,5216,0,58,64,100,,,247,404,,640,538,525,595,832,3781,0,411,62,,291,7,31,9395,9257,126,106,27,1,9,9,0,,0,,0,,3,,0,,0,3893,252,96,30,,,3850,248,427,58,96,30,78,24,79,9,0,0,0,0,9,0,0,0,0,75,0,1,7849,104,70,,,,,,,,,,,,,,0,,,,,,,,,1,,,
"Turkmenistan","TM",2023,,,,,,,,,,,,,,,,,,,,,,,,,,,,,,,,,,,,,,,,,,,,,,,,,,,,,,,,,,,,,,,,,,,,,,,,,,,,,,,,,,,,,,,,,,,,,,,,,,,,,,,,,,,,,,,,,,,,,,,,,,,,,,,,,,
"Turks and Caicos Islands","TC",2023,7,0,0,0,0,0,0,,7,7,0,7,7,0,0,7,0,220,0,0,0,,,0,0,,0,1,2,0,0,3,0,0,0,0,,,0,0,,0,1,1,1,1,4,0,0,0,,,,,7,7,0,0,0,0,0,0,0,,0,,0,,0,,0,,0,0,0,0,0,,,0,0,0,0,0,0,0,0,0,0,0,0,0,0,0,0,0,0,0,0,0,0,7,1,1,1,0,0,0,,,,,,,,,,0,,,,,,,,,0,,,
"Tuvalu","TV",2023,13,2,1,,,,0,,16,16,0,16,13,,,0,1,220,,,,,,1,,,1,2,,3,2,9,,,,1,,,,2,,1,1,1,1,,6,,1,62,,13,2,1,15,10,1,1,0,0,0,0,0,,0,,1,1,0,,0,,1,1,,1,,,,1,1,1,1,1,1,1,1,0,0,0,,,0,,,0,,,0,0,1,0,0,0,,,,,,,,,,,,,,0,,,,,,,,,1,0,0,0
"Uganda","UG",2023,54013,25537,2828,2741,1270,80,1407,,82378,86469,5498,87876,53980,3810,33,2397,1,220,2912,1721,1449,,,1449,3037,,10504,11337,,,,26327,18964,2559,1623,1558,,,1528,3069,,7387,6245,,,,18229,11127,11822,60,59881,,,,87215,86649,656,624,4,24,4,4,0,,0,,0,,1,158,1,474,632,47507,3622,547,109,,,415,67,132,32,161,51,110,29,422,4,0,0,0,0,2,0,0,0,2,60,1,1,86076,32100,31212,1,11642,1999,1947,31208,8735,132294,,,9070,132294,131699,134001,0,,,,,,,,,0,,,
"Ukraine","UA",2023,10485,4119,1545,3039,659,211,933,144,16149,20058,4842,20991,10485,3828,0,11,1,221,80,,,251,,,,472,2001,4752,4073,2118,1225,14641,0,67,,,241,,,,303,783,1264,926,654,848,4778,0,639,60,19247,,,,17231,16816,2944,3172,496,163,980,1069,1,1156,1,119,1,1717,1,1647,1,877,4241,10236,3759,2413,1347,2990,1228,10236,3759,2471,1172,2413,1347,1847,971,3641,980,0,16,0,5,596,10,0,7,346,3489,9,1,19952,3501,3259,,,,,3259,1782,11658,11241,118348,8478,11658,8698,13139,0,,,,,,,,,0,,,
"United Arab Emirates","AE",2023,31,6,36,0,0,1,3,,73,74,4,77,31,3,0,0,1,221,0,,,0,,,,3,10,15,5,9,8,50,0,1,,,1,,,,3,2,3,3,5,6,22,0,2,62,,22,4,12,77,77,0,0,0,0,0,0,0,,1,2,0,,0,,0,,0,31,3,0,0,,,19,3,2,1,0,0,0,0,0,0,0,0,0,0,0,0,0,0,0,0,0,1,56,3,3,,,,,3,,,,,0,139,3,3,0,,,,,,,,,1,,,
"United Kingdom of Great Britain and Northern Ireland","GB",2023,2370,469,2304,71,12,70,0,0,5143,5296,153,5296,2370,71,0,4165,1,220,29,11,40,,,150,318,,781,581,466,384,389,3069,0,33,16,38,,,82,175,,593,389,280,229,312,2060,0,167,62,,1158,86,691,5222,4950,59,56,36,5,15,15,3,,3,,1,,1,,1,,107,2100,56,44,8,,,2095,52,146,8,44,8,40,6,49,10,0,0,0,0,10,0,0,0,0,47,0,,,,,,,,,,,,,,,,,,0,,,,,,,,,1,,,
"United Republic of Tanzania","TZ",2023,37142,39123,14275,1103,618,107,882,,90540,92368,2710,93250,37142,1516,0,156,1,220,4259,1806,1632,,,1341,3000,,8826,10876,9912,6780,7597,48332,0,3903,1578,1439,,,1100,2079,,5514,6121,5640,4138,4827,29419,0,14617,60,60740,,,,92914,91714,328,307,19,3,9,8,0,,0,,0,,1,111,1,196,315,29753,1366,215,107,,,1582,458,40,50,102,60,0,1,239,7,0,0,0,0,3,0,0,0,4,26,2,1,92208,15745,15705,1,14602,988,983,15683,8593,168919,174038,1579886,17909,168919,52191,70322,0,,,,,,,,,1,50073,4604,0
"United States of America","US",2023,6535,988,1683,,,,355,,9206,9206,355,9561,5946,248,589,7249,0,220,121,62,49,,,188,422,,1001,817,755,818,1493,5494,1,101,44,72,,,146,234,,542,504,423,481,926,3256,0,449,62,,5778,655,1091,9428,9109,129,123,48,8,4,4,1,26,1,,1,37,1,,3,,175,5406,206,100,16,,,5353,202,466,24,99,16,77,14,26,4,0,0,0,0,2,0,0,0,2,21,0,1,8139,402,,1,294,2,,,,,,,,,,,0,,,,,,,,,1,,,
"Uruguay","UY",2023,862,186,122,56,10,4,110,,1170,1240,180,1350,862,147,0,15,1,220,12,10,10,,,31,86,,198,169,139,90,113,826,0,10,19,16,,,33,32,,67,60,46,42,57,337,0,77,62,,501,105,110,1345,1322,4,4,1,1,0,0,0,,1,4,0,,0,,1,5,5,665,108,3,0,,,610,108,8,3,3,0,2,0,3,0,,,,,,,,,,,,1,1240,164,46,1,77,0,0,46,46,46,,,,,,,0,,,,,,,,,1,34677,4683,133
"Uzbekistan","UZ",2023,5296,2160,4888,1075,156,363,1561,443,12344,13938,3155,15499,5296,1814,0,0,1,220,248,383,242,,,266,373,,916,1131,1214,1387,1270,6557,0,182,265,184,,,218,300,,899,811,857,1178,1614,5877,0,1504,62,,6371,2316,5251,13493,13493,1449,1449,178,70,332,332,0,,0,,1,420,1,160,1,887,1959,5296,1814,753,542,1075,327,4945,725,950,517,753,542,722,470,1221,264,24,10,,28,202,,,,,739,61,1,,407,363,,,,,363,70,3727,,,,3727,,,0,,,,,,,,,0,,,
"Vanuatu","VU",2023,59,0,41,1,0,0,0,,100,101,1,101,59,1,0,0,1,221,2,,,1,,,,10,14,9,5,9,8,55,0,2,,,1,,,,7,7,8,7,7,4,40,0,6,60,1,,,,100,1,0,0,1,0,0,0,0,,0,,0,,0,,1,1,1,59,1,1,0,,,0,0,0,0,0,0,0,0,0,0,0,0,0,0,0,0,0,0,0,0,0,0,84,1,1,,,,,,,,,,,,,,0,,,,,,,,,0,,,
"Venezuela (Bolivarian Republic of)","VE",2023,7517,823,1194,625,0,6,547,,9534,10165,1178,10712,7517,1172,0,105,1,220,93,94,92,,,329,836,,1885,983,763,700,689,6185,0,85,77,95,,,274,445,,806,561,428,432,498,3444,0,536,62,,3365,458,130,10551,10551,134,134,0,1,19,19,0,,1,98,0,,1,19,1,134,153,3365,871,49,104,,,3365,871,24,43,49,104,19,40,153,19,0,0,0,0,0,0,0,0,19,0,0,1,5101,470,459,1,249,19,17,459,238,7336,522,72917,,,148,150,0,,,,,,,,,0,,,
"Viet Nam","VN",2023,65476,14629,17479,6058,567,308,1887,,97584,104517,8820,106404,65427,7347,49,25,1,221,196,,,389,,,,4667,8509,11927,15717,17260,16378,74458,,97,,,490,,,,3585,5098,4368,3899,4700,7164,28814,,1172,60,52221,,,,102867,102867,3537,3352,0,20,351,237,0,,0,,1,33,1,889,1,2222,1119,58040,7347,2411,1355,5355,412,,3152,,1039,,651,,535,3161,351,0,2,0,7,174,0,1,7,160,185,8,1,91626,2310,1827,,,,,1827,969,14147,,,7620,14147,,,,,,,,,,,,,,,
"Wallis and Futuna","WF",2023,,,,,,,,,,,,,,,,,,,,,,,,,,,,,,,,,,,,,,,,,,,,,,,,,,,,,,,,,,,,,,,,,,,,,,,,,,,,,,,,,,,,,,,,,,,,,,,,,,,,,,,,,,,,,,,,,,,,,,,,,,,,,,,,,,
"Yemen","YE",2023,3034,3358,4366,140,62,55,53,,10758,11015,310,11068,3025,184,9,,1,221,276,,,393,,,,1171,1257,928,714,636,606,5312,5,269,,,349,,,,935,961,790,685,584,453,4408,3,1287,62,,1509,,381,10990,,70,72,0,0,8,72,0,,0,,1,6,1,40,1,20,72,1364,145,41,37,,,520,57,21,15,41,37,15,14,54,8,,,,,,,,,,,,1,4612,30,,,,,,,,,,,,,,,0,,,,,,,,,0,,,
"Zambia","ZM",2023,27301,18883,2335,2424,3168,235,836,,48519,54346,6663,55182,27301,3260,,,,221,1818,,,1386,,,,2797,7500,8636,5968,2957,2872,30730,,1690,,,1319,,,,2213,3950,4012,3128,1929,2171,17403,,6213,62,,28814,22051,1124,54748,54748,402,402,32,16,1,1,0,,1,141,0,,1,365,1,69,434,25838,2409,344,58,2409,58,144,25,26,11,29,12,20,8,24,0,0,,,0,,,0,,,0,0,0,50270,16144,15704,1,5399,775,750,15704,,,181529,1273804,95058,123948,80600,82354,0,,,,,,,,,0,,,
"Zimbabwe","ZW",2023,9867,6723,1891,381,235,110,383,,18481,19207,1109,19590,9820,381,47,0,1,220,314,109,155,,,299,839,,2934,3843,2087,905,1099,12006,,277,118,163,,,288,555,,1336,1535,1082,575,694,6065,,1136,60,18096,,,,19303,19303,210,210,0,2,5,5,0,,0,,1,,1,,1,,212,9820,381,181,31,,,,,,,,,,,15,5,,,,,,,,,,0,0,1,18910,9464,8792,1,1113,303,266,8792,3152,71811,223732,1233934,56262,71811,182335,201597,0,,,,,,,,,0,,,
